<?xml version = '1.0' encoding = 'UTF-8'?>
<Relation class="oracle.dbtools.crest.model.design.logical.Relation" name="PROPERTY - BIN" directorySegmentName="seg_0" id="0A448A00-3D73-5D34-AFCB-1B85BE36C6B5">
<createdBy>student</createdBy>
<createdTime>2023-05-02 03:40:38 UTC</createdTime>
<ownerDesignName>assignment 1B logic model</ownerDesignName>
<sourcePk>3F00E7BE-0A5F-854A-2C98-24BCF948E92E</sourcePk>
<identifying>false</identifying>
<nameOnSource>assigned</nameOnSource>
<optionalSource>true</optionalSource>
<optionalTarget>false</optionalTarget>
<sourceCardinality>1</sourceCardinality>
<sourceEntity>0D53265B-9825-A784-9174-BA88B77283CE</sourceEntity>
<targetCardinalityString>*</targetCardinalityString>
<targetEntity>97409745-5C6A-97C0-DA54-6938EFEA1288</targetEntity>
<transferable>true</transferable>
<deleteRule>NO ACTION</deleteRule>
</Relation>
