<?xml version = '1.0' encoding = 'UTF-8'?>
<Relation class="oracle.dbtools.crest.model.design.logical.Relation" name="TRUCK-CONTRACT COLLECTION" directorySegmentName="seg_0" id="1DC638E3-BA0A-9092-1E69-19E89F2A2828">
<createdBy>student</createdBy>
<createdTime>2023-05-02 03:27:35 UTC</createdTime>
<ownerDesignName>assignment 1B logic model</ownerDesignName>
<engineerTo>
<item key="08895F91-836B-DD96-408B-ABB0BDDFBE20" value="true"/>
</engineerTo>
<sourcePk>C29E9765-2BDF-7D46-1D7D-0EEB061CC0CE</sourcePk>
<targetPk>8DA78BD2-B95A-389E-559C-AD0B7933256D</targetPk>
<identifying>false</identifying>
<nameOnSource>within</nameOnSource>
<optionalSource>true</optionalSource>
<optionalTarget>false</optionalTarget>
<sourceCardinality>1</sourceCardinality>
<sourceEntity>B3E5791F-70A4-E35F-E394-ADFCDAAF3457</sourceEntity>
<targetCardinalityString>1</targetCardinalityString>
<targetEntity>E317B8C8-A34B-9689-C8B7-1BE03C100CAD</targetEntity>
<transferable>true</transferable>
<deleteRule>NO ACTION</deleteRule>
</Relation>
