<?xml version = '1.0' encoding = 'UTF-8'?>
<Relation class="oracle.dbtools.crest.model.design.logical.Relation" name="Relation_22" directorySegmentName="seg_0" id="28D663B3-C529-1AA5-6D66-6DAB2FEEB910">
<createdBy>g</createdBy>
<createdTime>2023-05-03 01:11:56 UTC</createdTime>
<ownerDesignName>assignment 1B logic model</ownerDesignName>
<engineerTo>
<item key="687EA157-6ECD-4327-B1E8-8A432453C3A0" value="true"/>
</engineerTo>
<sourcePk>C29E9765-2BDF-7D46-1D7D-0EEB061CC0CE</sourcePk>
<identifying>true</identifying>
<optionalSource>false</optionalSource>
<optionalTarget>false</optionalTarget>
<sourceCardinality>1</sourceCardinality>
<sourceEntity>B3E5791F-70A4-E35F-E394-ADFCDAAF3457</sourceEntity>
<targetCardinalityString>*</targetCardinalityString>
<targetEntity>732FDFF2-AC76-DF7D-194B-88BCD09CFCA3</targetEntity>
<transferable>true</transferable>
<deleteRule>NO ACTION</deleteRule>
</Relation>
