<?xml version = '1.0' encoding = 'UTF-8'?>
<Relation class="oracle.dbtools.crest.model.design.logical.Relation" name="CONTRACT-CONTRACT COLLECTION" directorySegmentName="seg_0" id="2D7F4FB6-8D18-7E61-6A03-06484873F3D7">
<createdBy>student</createdBy>
<createdTime>2023-05-02 03:10:14 UTC</createdTime>
<ownerDesignName>assignment 1B logic model</ownerDesignName>
<engineerTo>
<item key="08895F91-836B-DD96-408B-ABB0BDDFBE20" value="true"/>
</engineerTo>
<sourcePk>71C4382B-8FD9-B4FD-CBD7-80D755B70FB3</sourcePk>
<identifying>false</identifying>
<nameOnSource>has</nameOnSource>
<optionalSource>false</optionalSource>
<optionalTarget>false</optionalTarget>
<sourceCardinality>1</sourceCardinality>
<sourceEntity>1E9656E1-105D-ED1D-B2AA-DBE7DDCDE3CC</sourceEntity>
<targetCardinalityString>*</targetCardinalityString>
<targetEntity>E317B8C8-A34B-9689-C8B7-1BE03C100CAD</targetEntity>
<transferable>true</transferable>
<deleteRule>NO ACTION</deleteRule>
</Relation>
