<?xml version = '1.0' encoding = 'UTF-8'?>
<Relation class="oracle.dbtools.crest.model.design.logical.Relation" name="AUTHORITY-STREET" directorySegmentName="seg_0" id="2E4DDF96-A927-B2DB-F25D-623BA0E9B29A">
<createdBy>student</createdBy>
<createdTime>2023-04-30 14:33:13 UTC</createdTime>
<ownerDesignName>assignment 1B logic model</ownerDesignName>
<engineerTo>
<item key="08895F91-836B-DD96-408B-ABB0BDDFBE20" value="true"/>
</engineerTo>
<sourcePk>7091404A-F7B4-E96E-C462-572EB356FCD1</sourcePk>
<identifying>true</identifying>
<nameOnSource>manages</nameOnSource>
<optionalSource>true</optionalSource>
<optionalTarget>false</optionalTarget>
<sourceCardinality>1</sourceCardinality>
<sourceEntity>837B9510-7785-CAFD-16AC-1F81BBD1B2D1</sourceEntity>
<targetCardinalityString>*</targetCardinalityString>
<targetEntity>7FC5BE2F-7286-ACC4-835E-62962441DA96</targetEntity>
<transferable>true</transferable>
<deleteRule>NO ACTION</deleteRule>
</Relation>
