<?xml version = '1.0' encoding = 'UTF-8'?>
<Relation class="oracle.dbtools.crest.model.design.logical.Relation" name="WASTE TYPE-BIN TYPE" directorySegmentName="seg_0" id="374DEF31-53CE-90C1-D08E-8D118EE2FFFF">
<createdBy>student</createdBy>
<createdTime>2023-05-02 03:46:51 UTC</createdTime>
<ownerDesignName>assignment 1B logic model</ownerDesignName>
<engineerTo>
<item key="08895F91-836B-DD96-408B-ABB0BDDFBE20" value="true"/>
</engineerTo>
<sourcePk>51149FA2-853B-D0A5-373D-74E1D51F6038</sourcePk>
<identifying>true</identifying>
<nameOnSource>make</nameOnSource>
<optionalSource>false</optionalSource>
<optionalTarget>false</optionalTarget>
<sourceCardinality>1</sourceCardinality>
<sourceEntity>3CDD4004-01FF-60B6-DD49-1979A4156B8F</sourceEntity>
<targetCardinalityString>*</targetCardinalityString>
<targetEntity>9FA55115-FDB4-1BB3-429F-DDC7E5EEB6CC</targetEntity>
<transferable>true</transferable>
<deleteRule>NO ACTION</deleteRule>
</Relation>
