<?xml version = '1.0' encoding = 'UTF-8'?>
<Relation class="oracle.dbtools.crest.model.design.logical.Relation" name="propertty to owner list" directorySegmentName="seg_0" id="3D2E914E-FDDC-A886-41F2-312C3220C2AE">
<createdBy>g</createdBy>
<createdTime>2023-05-03 00:50:55 UTC</createdTime>
<ownerDesignName>assignment 1B logic model</ownerDesignName>
<sourcePk>3F00E7BE-0A5F-854A-2C98-24BCF948E92E</sourcePk>
<identifying>true</identifying>
<optionalSource>false</optionalSource>
<optionalTarget>false</optionalTarget>
<sourceCardinality>1</sourceCardinality>
<sourceEntity>0D53265B-9825-A784-9174-BA88B77283CE</sourceEntity>
<targetCardinalityString>*</targetCardinalityString>
<targetEntity>54D70945-5DCE-183E-BCCD-F70167730F99</targetEntity>
<transferable>true</transferable>
<deleteRule>NO ACTION</deleteRule>
</Relation>
