<?xml version = '1.0' encoding = 'UTF-8'?>
<Relation class="oracle.dbtools.crest.model.design.logical.Relation" name="CONTRACT BIN SUPPLY-BIN TYPE" directorySegmentName="seg_0" id="67355923-F160-CD83-3E0C-515B9DF42773">
<createdBy>student</createdBy>
<createdTime>2023-05-02 03:51:34 UTC</createdTime>
<ownerDesignName>assignment 1B logic model</ownerDesignName>
<engineerTo>
<item key="08895F91-836B-DD96-408B-ABB0BDDFBE20" value="true"/>
</engineerTo>
<sourcePk>F46DCE8F-7EB2-7F36-A59C-1A7E09BEF399</sourcePk>
<targetPk>6A746AA2-96DF-61EE-FE1E-C06E75E7C808</targetPk>
<identifying>false</identifying>
<nameOnSource>has</nameOnSource>
<optionalSource>false</optionalSource>
<optionalTarget>false</optionalTarget>
<sourceCardinality>*</sourceCardinality>
<sourceEntity>AB60458B-DBA9-217A-26CC-9F74B1BE32D0</sourceEntity>
<targetCardinalityString>1</targetCardinalityString>
<targetEntity>9FA55115-FDB4-1BB3-429F-DDC7E5EEB6CC</targetEntity>
<transferable>true</transferable>
<deleteRule>NO ACTION</deleteRule>
</Relation>
