<?xml version = '1.0' encoding = 'UTF-8'?>
<Relation class="oracle.dbtools.crest.model.design.logical.Relation" name="CONTRACT-CONTRACT SUPPLY" directorySegmentName="seg_0" id="6CD250D2-BB6B-0037-B65A-0AFB93CFC027">
<createdBy>student</createdBy>
<createdTime>2023-05-02 03:11:43 UTC</createdTime>
<ownerDesignName>assignment 1B logic model</ownerDesignName>
<engineerTo>
<item key="08895F91-836B-DD96-408B-ABB0BDDFBE20" value="true"/>
</engineerTo>
<sourcePk>71C4382B-8FD9-B4FD-CBD7-80D755B70FB3</sourcePk>
<identifying>true</identifying>
<nameOnSource>has</nameOnSource>
<optionalSource>false</optionalSource>
<optionalTarget>false</optionalTarget>
<sourceCardinality>1</sourceCardinality>
<sourceEntity>1E9656E1-105D-ED1D-B2AA-DBE7DDCDE3CC</sourceEntity>
<targetCardinalityString>*</targetCardinalityString>
<targetEntity>AB60458B-DBA9-217A-26CC-9F74B1BE32D0</targetEntity>
<transferable>true</transferable>
<deleteRule>NO ACTION</deleteRule>
</Relation>
