<?xml version = '1.0' encoding = 'UTF-8'?>
<Relation class="oracle.dbtools.crest.model.design.logical.Relation" name="STREET-PROPERTY" directorySegmentName="seg_0" id="74E16C8F-7CC3-3D7E-7B73-1D74DD6D3218">
<createdBy>student</createdBy>
<createdTime>2023-05-02 03:42:01 UTC</createdTime>
<ownerDesignName>assignment 1B logic model</ownerDesignName>
<engineerTo>
<item key="08895F91-836B-DD96-408B-ABB0BDDFBE20" value="true"/>
</engineerTo>
<sourcePk>666729DB-60B2-9682-2EE1-903F9F388A6A</sourcePk>
<identifying>true</identifying>
<optionalSource>true</optionalSource>
<optionalTarget>false</optionalTarget>
<sourceCardinality>1</sourceCardinality>
<sourceEntity>7FC5BE2F-7286-ACC4-835E-62962441DA96</sourceEntity>
<targetCardinalityString>*</targetCardinalityString>
<targetEntity>0D53265B-9825-A784-9174-BA88B77283CE</targetEntity>
<transferable>true</transferable>
<deleteRule>NO ACTION</deleteRule>
</Relation>
