<?xml version = '1.0' encoding = 'UTF-8'?>
<Relation class="oracle.dbtools.crest.model.design.logical.Relation" name="Binype to bin" directorySegmentName="seg_0" id="7ED27B81-D44C-C7F2-C8EF-4336DB032F4D">
<createdBy>g</createdBy>
<createdTime>2023-05-03 00:45:51 UTC</createdTime>
<ownerDesignName>assignment 1B logic model</ownerDesignName>
<sourcePk>6A746AA2-96DF-61EE-FE1E-C06E75E7C808</sourcePk>
<identifying>true</identifying>
<optionalSource>false</optionalSource>
<optionalTarget>false</optionalTarget>
<sourceCardinality>1</sourceCardinality>
<sourceEntity>9FA55115-FDB4-1BB3-429F-DDC7E5EEB6CC</sourceEntity>
<targetCardinalityString>*</targetCardinalityString>
<targetEntity>97409745-5C6A-97C0-DA54-6938EFEA1288</targetEntity>
<transferable>true</transferable>
<deleteRule>NO ACTION</deleteRule>
</Relation>
