<?xml version = '1.0' encoding = 'UTF-8'?>
<Relation class="oracle.dbtools.crest.model.design.logical.Relation" name="DRIVER-APPROVE" directorySegmentName="seg_0" id="85D57D47-CB3D-EC84-9900-80E5D2158784">
<createdBy>student</createdBy>
<createdTime>2023-05-02 10:21:50 UTC</createdTime>
<ownerDesignName>assignment 1B logic model</ownerDesignName>
<engineerTo>
<item key="08895F91-836B-DD96-408B-ABB0BDDFBE20" value="true"/>
</engineerTo>
<sourcePk>9A2FE6E1-71E7-D840-97D4-95F73C0CCE2E</sourcePk>
<identifying>false</identifying>
<optionalSource>true</optionalSource>
<optionalTarget>false</optionalTarget>
<sourceCardinality>1</sourceCardinality>
<sourceEntity>FE2BBAA6-342D-D453-A399-E8E12E9EBB15</sourceEntity>
<targetCardinalityString>1</targetCardinalityString>
<targetEntity>DE6FBE97-E4F7-273C-CC81-AF112CFA0BB2</targetEntity>
<transferable>true</transferable>
<deleteRule>NO ACTION</deleteRule>
</Relation>
