<?xml version = '1.0' encoding = 'UTF-8'?>
<Relation class="oracle.dbtools.crest.model.design.logical.Relation" name="TRUCK_APPROVE" directorySegmentName="seg_0" id="A1AE2282-8370-5C9F-A6D9-DE8EE0FFD8AC">
<createdBy>student</createdBy>
<createdTime>2023-05-02 10:20:45 UTC</createdTime>
<ownerDesignName>assignment 1B logic model</ownerDesignName>
<engineerTo>
<item key="08895F91-836B-DD96-408B-ABB0BDDFBE20" value="true"/>
</engineerTo>
<sourcePk>C29E9765-2BDF-7D46-1D7D-0EEB061CC0CE</sourcePk>
<identifying>false</identifying>
<nameOnSource>has</nameOnSource>
<optionalSource>true</optionalSource>
<optionalTarget>false</optionalTarget>
<sourceCardinality>1</sourceCardinality>
<sourceEntity>B3E5791F-70A4-E35F-E394-ADFCDAAF3457</sourceEntity>
<targetCardinalityString>*</targetCardinalityString>
<targetEntity>DE6FBE97-E4F7-273C-CC81-AF112CFA0BB2</targetEntity>
<transferable>true</transferable>
<deleteRule>NO ACTION</deleteRule>
</Relation>
