<?xml version = '1.0' encoding = 'UTF-8'?>
<Relation class="oracle.dbtools.crest.model.design.logical.Relation" name="DRIVER-CONTRACT" directorySegmentName="seg_0" id="B2F6D44E-EA21-F641-3FB2-2D9014C5AFE2">
<createdBy>student</createdBy>
<createdTime>2023-05-02 03:30:38 UTC</createdTime>
<ownerDesignName>assignment 1B logic model</ownerDesignName>
<engineerTo>
<item key="08895F91-836B-DD96-408B-ABB0BDDFBE20" value="true"/>
</engineerTo>
<sourcePk>9A2FE6E1-71E7-D840-97D4-95F73C0CCE2E</sourcePk>
<identifying>false</identifying>
<optionalSource>true</optionalSource>
<optionalTarget>false</optionalTarget>
<sourceCardinality>1</sourceCardinality>
<sourceEntity>FE2BBAA6-342D-D453-A399-E8E12E9EBB15</sourceEntity>
<targetCardinalityString>1</targetCardinalityString>
<targetEntity>E317B8C8-A34B-9689-C8B7-1BE03C100CAD</targetEntity>
<transferable>true</transferable>
<deleteRule>NO ACTION</deleteRule>
</Relation>
