<?xml version = '1.0' encoding = 'UTF-8'?>
<Relation class="oracle.dbtools.crest.model.design.logical.Relation" name="Relation_23" directorySegmentName="seg_0" id="B4B1A60E-B449-4223-6EF9-C6B297B6CF7D">
<createdBy>g</createdBy>
<createdTime>2023-05-03 01:12:26 UTC</createdTime>
<ownerDesignName>assignment 1B logic model</ownerDesignName>
<engineerTo>
<item key="687EA157-6ECD-4327-B1E8-8A432453C3A0" value="true"/>
</engineerTo>
<sourcePk>9A2FE6E1-71E7-D840-97D4-95F73C0CCE2E</sourcePk>
<identifying>true</identifying>
<optionalSource>false</optionalSource>
<optionalTarget>false</optionalTarget>
<sourceCardinality>1</sourceCardinality>
<sourceEntity>FE2BBAA6-342D-D453-A399-E8E12E9EBB15</sourceEntity>
<targetCardinalityString>*</targetCardinalityString>
<targetEntity>732FDFF2-AC76-DF7D-194B-88BCD09CFCA3</targetEntity>
<transferable>true</transferable>
<deleteRule>NO ACTION</deleteRule>
</Relation>
