<?xml version = '1.0' encoding = 'UTF-8'?>
<Relation class="oracle.dbtools.crest.model.design.logical.Relation" name="AUTHORITY-CONTRACT" directorySegmentName="seg_0" id="C8CD8576-4172-A6D8-4417-6D7FBC6DCC3C">
<createdBy>student</createdBy>
<createdTime>2023-05-02 10:04:08 UTC</createdTime>
<ownerDesignName>assignment 1B logic model</ownerDesignName>
<engineerTo>
<item key="08895F91-836B-DD96-408B-ABB0BDDFBE20" value="true"/>
</engineerTo>
<sourcePk>7091404A-F7B4-E96E-C462-572EB356FCD1</sourcePk>
<identifying>false</identifying>
<nameOnSource>assigned</nameOnSource>
<optionalSource>true</optionalSource>
<optionalTarget>false</optionalTarget>
<sourceCardinality>1</sourceCardinality>
<sourceEntity>837B9510-7785-CAFD-16AC-1F81BBD1B2D1</sourceEntity>
<targetCardinalityString>*</targetCardinalityString>
<targetEntity>1E9656E1-105D-ED1D-B2AA-DBE7DDCDE3CC</targetEntity>
<transferable>true</transferable>
<deleteRule>NO ACTION</deleteRule>
</Relation>
