<?xml version = '1.0' encoding = 'UTF-8'?>
<Relation class="oracle.dbtools.crest.model.design.logical.Relation" name="owner to list" directorySegmentName="seg_0" id="CE321A6B-6B6E-89DE-1713-CFA6139FB2F0">
<createdBy>g</createdBy>
<createdTime>2023-05-03 00:49:29 UTC</createdTime>
<ownerDesignName>assignment 1B logic model</ownerDesignName>
<sourcePk>85895F0A-9BB8-81BC-9712-0B5EA8F2E209</sourcePk>
<identifying>true</identifying>
<optionalSource>false</optionalSource>
<optionalTarget>false</optionalTarget>
<sourceCardinality>1</sourceCardinality>
<sourceEntity>28278A66-457F-9D0F-B981-987451C93B21</sourceEntity>
<targetCardinalityString>*</targetCardinalityString>
<targetEntity>54D70945-5DCE-183E-BCCD-F70167730F99</targetEntity>
<transferable>true</transferable>
<deleteRule>NO ACTION</deleteRule>
</Relation>
