<?xml version = '1.0' encoding = 'UTF-8'?>
<Relation class="oracle.dbtools.crest.model.design.logical.Relation" name="WASTE TYP-CONTRACT COLLECTION" directorySegmentName="seg_0" id="F0D083B1-9446-7BDD-77A9-AAB1BAEEAACE">
<createdBy>student</createdBy>
<createdTime>2023-05-02 23:38:27 UTC</createdTime>
<ownerDesignName>assignment 1B logic model</ownerDesignName>
<engineerTo>
<item key="08895F91-836B-DD96-408B-ABB0BDDFBE20" value="true"/>
</engineerTo>
<sourcePk>51149FA2-853B-D0A5-373D-74E1D51F6038</sourcePk>
<identifying>false</identifying>
<optionalSource>false</optionalSource>
<optionalTarget>false</optionalTarget>
<sourceCardinality>1</sourceCardinality>
<sourceEntity>3CDD4004-01FF-60B6-DD49-1979A4156B8F</sourceEntity>
<targetCardinalityString>*</targetCardinalityString>
<targetEntity>E317B8C8-A34B-9689-C8B7-1BE03C100CAD</targetEntity>
<transferable>true</transferable>
<deleteRule>NO ACTION</deleteRule>
</Relation>
