<?xml version = '1.0' encoding = 'UTF-8'?>
<Relation class="oracle.dbtools.crest.model.design.logical.Relation" name="CONTRACT COLLECTION-BIN" directorySegmentName="seg_0" id="F89FBB44-4898-9FE6-6F38-CEC5F41BD733">
<createdBy>student</createdBy>
<createdTime>2023-05-02 03:36:49 UTC</createdTime>
<ownerDesignName>assignment 1B logic model</ownerDesignName>
<engineerTo>
<item key="08895F91-836B-DD96-408B-ABB0BDDFBE20" value="true"/>
</engineerTo>
<sourcePk>8DA78BD2-B95A-389E-559C-AD0B7933256D</sourcePk>
<identifying>false</identifying>
<optionalSource>false</optionalSource>
<optionalTarget>false</optionalTarget>
<sourceCardinality>1</sourceCardinality>
<sourceEntity>E317B8C8-A34B-9689-C8B7-1BE03C100CAD</sourceEntity>
<targetCardinalityString>*</targetCardinalityString>
<targetEntity>97409745-5C6A-97C0-DA54-6938EFEA1288</targetEntity>
<transferable>true</transferable>
<deleteRule>NO ACTION</deleteRule>
</Relation>
