<?xml version = '1.0' encoding = 'UTF-8'?>
<FKIndexAssociation class="oracle.dbtools.crest.model.design.relational.FKIndexAssociation" directorySegmentName="seg_0" id="16CFD886-72AE-4DB6-69DE-0A461307D9ED" containerWithKeyObject="DB768720-4DDF-5C50-5B24-7364F5D0FFAA" localFKIndex="64F3FC58-EF0E-623C-A000-6ACF077AC861" name="DRIVER-TRUCK_DRIVER_FK">
<createdBy>student</createdBy>
<createdTime>2023-05-02 08:58:32 UTC</createdTime>
<generatorID>C7CC9DE0-21D5-DB36-1112-4F578390FC1C</generatorID>
<ownerDesignName>assignment 1B logic model</ownerDesignName>
<referredTableLongName>DRIVER</referredTableLongName>
<deleteRule>NO ACTION</deleteRule>
<referredTableID>B6FD4CB2-22A7-6014-9755-61860B0CFACC</referredTableID>
<keyObject>CE5AF890-2727-BD5C-4EA8-DB87063B9724</keyObject>
<referredKeyID>CE5AF890-2727-BD5C-4EA8-DB87063B9724</referredKeyID>
<mandatory>true</mandatory>
<refColNames>driver_no</refColNames>
<transferable>true</transferable>
<rely>false</rely>
<columnDependencyConstraintGenerateInDDL>true</columnDependencyConstraintGenerateInDDL>
</FKIndexAssociation>
