<?xml version = '1.0' encoding = 'UTF-8'?>
<FKIndexAssociation class="oracle.dbtools.crest.model.design.relational.FKIndexAssociation" directorySegmentName="seg_0" id="2FD07136-B9C7-AF07-0724-A928585B6EE0" containerWithKeyObject="5D10E9AC-D520-FD6F-B437-15C0CFF3E16A" localFKIndex="EB4B3FEE-09C2-4271-15D2-2D3BB12716C6" name="BIN_TYPE-BIN">
<createdBy>student</createdBy>
<createdTime>2023-05-02 10:29:31 UTC</createdTime>
<generatorID>819D8EEB-C946-721A-BAB4-8D289B6AEE2A</generatorID>
<ownerDesignName>assignment 1B logic model</ownerDesignName>
<referredTableLongName>BIN_TYPE</referredTableLongName>
<deleteRule>NO ACTION</deleteRule>
<referredTableID>8B5ADFB3-1258-12B7-FD6A-2C323EEC15DF</referredTableID>
<keyObject>1170FD34-73AB-703C-C418-42FA023D3E7E</keyObject>
<referredKeyID>1170FD34-73AB-703C-C418-42FA023D3E7E</referredKeyID>
<mandatory>true</mandatory>
<refColNames>bin_size</refColNames>
<transferable>true</transferable>
<rely>false</rely>
<columnDependencyConstraintGenerateInDDL>true</columnDependencyConstraintGenerateInDDL>
</FKIndexAssociation>
