<?xml version = '1.0' encoding = 'UTF-8'?>
<FKIndexAssociation class="oracle.dbtools.crest.model.design.relational.FKIndexAssociation" directorySegmentName="seg_0" id="31CC6A07-988F-3AD4-56F1-B07F2C39D1BE" containerWithKeyObject="B9C7BB83-7A7C-442B-032F-FC032CC33DA3" localFKIndex="AF5CE847-59B4-61FB-5C0B-C0B56A03FD8B" name="TRUCK_APPROVE">
<createdBy>student</createdBy>
<createdTime>2023-05-02 10:29:31 UTC</createdTime>
<generatorID>A1AE2282-8370-5C9F-A6D9-DE8EE0FFD8AC</generatorID>
<ownerDesignName>assignment 1B logic model</ownerDesignName>
<referredTableLongName>TRUCK</referredTableLongName>
<deleteRule>NO ACTION</deleteRule>
<referredTableID>903DAB9E-7DE7-684E-3226-43A89E6C7F3E</referredTableID>
<keyObject>1F879670-3BC4-9DD2-A0DA-40ADE8794C77</keyObject>
<referredKeyID>1F879670-3BC4-9DD2-A0DA-40ADE8794C77</referredKeyID>
<mandatory>true</mandatory>
<refColNames>truck_vin</refColNames>
<transferable>true</transferable>
<rely>false</rely>
<columnDependencyConstraintGenerateInDDL>true</columnDependencyConstraintGenerateInDDL>
</FKIndexAssociation>
