<?xml version = '1.0' encoding = 'UTF-8'?>
<FKIndexAssociation class="oracle.dbtools.crest.model.design.relational.FKIndexAssociation" directorySegmentName="seg_0" id="36571682-ACDF-21BC-F611-DDEA06A1EF14" containerWithKeyObject="5D10E9AC-D520-FD6F-B437-15C0CFF3E16A" localFKIndex="44DD8E48-365D-FA07-44DD-AF78742B0633" name="PROPERTY_-_BIN">
<createdBy>student</createdBy>
<createdTime>2023-05-02 10:29:31 UTC</createdTime>
<generatorID>0A448A00-3D73-5D34-AFCB-1B85BE36C6B5</generatorID>
<ownerDesignName>assignment 1B logic model</ownerDesignName>
<referredTableLongName>PROPERTY</referredTableLongName>
<deleteRule>NO ACTION</deleteRule>
<referredTableID>518ECD54-5DAB-BCA1-E135-76F9EEC88348</referredTableID>
<keyObject>F9055752-09EB-1B84-4326-16A55DDAC49E</keyObject>
<referredKeyID>F9055752-09EB-1B84-4326-16A55DDAC49E</referredKeyID>
<mandatory>true</mandatory>
<refColNames>property_id,street_id,author_name</refColNames>
<transferable>true</transferable>
<rely>false</rely>
<columnDependencyConstraintGenerateInDDL>true</columnDependencyConstraintGenerateInDDL>
</FKIndexAssociation>
