<?xml version = '1.0' encoding = 'UTF-8'?>
<FKIndexAssociation class="oracle.dbtools.crest.model.design.relational.FKIndexAssociation" directorySegmentName="seg_0" id="3FBB8255-E830-F153-D7B9-3B25E7C0C728" containerWithKeyObject="5D10E9AC-D520-FD6F-B437-15C0CFF3E16A" localFKIndex="F24744A7-AD78-6BD2-9DB6-2B7B9789B845" name="CONTRACT_COLLECTION-BIN">
<createdBy>student</createdBy>
<createdTime>2023-05-02 10:29:31 UTC</createdTime>
<generatorID>F89FBB44-4898-9FE6-6F38-CEC5F41BD733</generatorID>
<ownerDesignName>assignment 1B logic model</ownerDesignName>
<referredTableLongName>CONTRACT_COLLECTION</referredTableLongName>
<deleteRule>NO ACTION</deleteRule>
<referredTableID>BF6095F5-530E-1B14-80E8-DCF6F6DFC07B</referredTableID>
<keyObject>6DDD2D0A-F5E6-6D8A-E61F-4C4287255353</keyObject>
<referredKeyID>6DDD2D0A-F5E6-6D8A-E61F-4C4287255353</referredKeyID>
<mandatory>true</mandatory>
<refColNames>contra_no,waste_type_id,collection_date</refColNames>
<transferable>true</transferable>
<rely>false</rely>
<columnDependencyConstraintGenerateInDDL>true</columnDependencyConstraintGenerateInDDL>
</FKIndexAssociation>
