<?xml version = '1.0' encoding = 'UTF-8'?>
<FKIndexAssociation class="oracle.dbtools.crest.model.design.relational.FKIndexAssociation" directorySegmentName="seg_0" id="86FB7ABB-F357-29AC-DD1B-FF952AA97F25" containerWithKeyObject="AEC3B251-6EFF-FC89-AC8E-8902B46814C8" localFKIndex="C627E573-425E-AD36-9EBA-70F05BDC4ABD" name="CONTRACT_BIN_SUPPLY-BIN_TYPE">
<createdBy>student</createdBy>
<createdTime>2023-05-02 10:29:31 UTC</createdTime>
<generatorID>67355923-F160-CD83-3E0C-515B9DF42773</generatorID>
<ownerDesignName>assignment 1B logic model</ownerDesignName>
<referredTableLongName>BIN_TYPE</referredTableLongName>
<deleteRule>NO ACTION</deleteRule>
<referredTableID>8B5ADFB3-1258-12B7-FD6A-2C323EEC15DF</referredTableID>
<keyObject>1170FD34-73AB-703C-C418-42FA023D3E7E</keyObject>
<referredKeyID>1170FD34-73AB-703C-C418-42FA023D3E7E</referredKeyID>
<mandatory>true</mandatory>
<refColNames>bin_size</refColNames>
<transferable>true</transferable>
<rely>false</rely>
<columnDependencyConstraintGenerateInDDL>true</columnDependencyConstraintGenerateInDDL>
</FKIndexAssociation>
