<?xml version = '1.0' encoding = 'UTF-8'?>
<FKIndexAssociation class="oracle.dbtools.crest.model.design.relational.FKIndexAssociation" directorySegmentName="seg_0" id="908CD5D0-8BB7-974C-61B8-0C744D58CABC" containerWithKeyObject="43677068-506C-B396-5C92-791D0CC36F14" localFKIndex="EA633E27-FF6B-8ADB-D42C-03D469ECEDBE" name="AUTHORITY-STREET">
<createdBy>student</createdBy>
<createdTime>2023-05-02 10:07:54 UTC</createdTime>
<generatorID>2E4DDF96-A927-B2DB-F25D-623BA0E9B29A</generatorID>
<ownerDesignName>assignment 1B logic model</ownerDesignName>
<referredTableLongName>AUTHORITY</referredTableLongName>
<deleteRule>NO ACTION</deleteRule>
<referredTableID>F5998A94-AE41-E0C3-E2EC-C3471AE9788F</referredTableID>
<keyObject>B4D6D233-FFD1-4FA7-E169-EA3B281BB92E</keyObject>
<referredKeyID>B4D6D233-FFD1-4FA7-E169-EA3B281BB92E</referredKeyID>
<mandatory>true</mandatory>
<refColNames>author_name</refColNames>
<transferable>true</transferable>
<rely>false</rely>
<columnDependencyConstraintGenerateInDDL>true</columnDependencyConstraintGenerateInDDL>
</FKIndexAssociation>
