<?xml version = '1.0' encoding = 'UTF-8'?>
<FKIndexAssociation class="oracle.dbtools.crest.model.design.relational.FKIndexAssociation" directorySegmentName="seg_0" id="94EE16ED-0CC4-1B76-CD95-B41552FF3FFA" containerWithKeyObject="BF6095F5-530E-1B14-80E8-DCF6F6DFC07B" localFKIndex="492831A3-AE54-454C-E13C-C98533EAB47B" name="DRIVER-CONTRACT">
<createdBy>student</createdBy>
<createdTime>2023-05-02 10:29:31 UTC</createdTime>
<generatorID>B2F6D44E-EA21-F641-3FB2-2D9014C5AFE2</generatorID>
<ownerDesignName>assignment 1B logic model</ownerDesignName>
<referredTableLongName>DRIVER</referredTableLongName>
<deleteRule>NO ACTION</deleteRule>
<referredTableID>B6FD4CB2-22A7-6014-9755-61860B0CFACC</referredTableID>
<keyObject>CE5AF890-2727-BD5C-4EA8-DB87063B9724</keyObject>
<referredKeyID>CE5AF890-2727-BD5C-4EA8-DB87063B9724</referredKeyID>
<mandatory>true</mandatory>
<refColNames>driver_no</refColNames>
<transferable>true</transferable>
<rely>false</rely>
<columnDependencyConstraintGenerateInDDL>true</columnDependencyConstraintGenerateInDDL>
</FKIndexAssociation>
