<?xml version = '1.0' encoding = 'UTF-8'?>
<FKIndexAssociation class="oracle.dbtools.crest.model.design.relational.FKIndexAssociation" directorySegmentName="seg_0" id="97B5360F-D962-803E-0560-FA225803A40B" containerWithKeyObject="BF6095F5-530E-1B14-80E8-DCF6F6DFC07B" localFKIndex="8ED3256B-0FF7-D045-489A-A24A97135D98" name="WASTE_TYP-CONTRACT_COLLECTION">
<createdBy>student</createdBy>
<createdTime>2023-05-02 23:53:59 UTC</createdTime>
<generatorID>F0D083B1-9446-7BDD-77A9-AAB1BAEEAACE</generatorID>
<ownerDesignName>assignment 1B logic model</ownerDesignName>
<referredTableLongName>WASTE_TYPE</referredTableLongName>
<deleteRule>NO ACTION</deleteRule>
<referredTableID>D8718850-9909-D1D9-768F-54693E86514E</referredTableID>
<keyObject>24F0ED49-647B-BFBC-12C9-9505E17A8884</keyObject>
<referredKeyID>24F0ED49-647B-BFBC-12C9-9505E17A8884</referredKeyID>
<mandatory>true</mandatory>
<refColNames>waste_type_id</refColNames>
<transferable>true</transferable>
<rely>false</rely>
<columnDependencyConstraintGenerateInDDL>true</columnDependencyConstraintGenerateInDDL>
</FKIndexAssociation>
