<?xml version = '1.0' encoding = 'UTF-8'?>
<FKIndexAssociation class="oracle.dbtools.crest.model.design.relational.FKIndexAssociation" directorySegmentName="seg_0" id="9CD92D85-C784-ECEA-BEC6-8B508D1E3A29" containerWithKeyObject="7E15A327-A9DD-148F-C572-F24E4890D848" localFKIndex="E07B935D-8046-265D-C35C-C774AE529B1F" name="OWNER-PROPERTY_PROPERTY_FK">
<createdBy>student</createdBy>
<createdTime>2023-05-02 10:07:54 UTC</createdTime>
<generatorID>95CF8D74-5ECD-D8BD-EA6A-3334F9EAB71B</generatorID>
<ownerDesignName>assignment 1B logic model</ownerDesignName>
<referredTableLongName>PROPERTY</referredTableLongName>
<deleteRule>NO ACTION</deleteRule>
<referredTableID>518ECD54-5DAB-BCA1-E135-76F9EEC88348</referredTableID>
<keyObject>F9055752-09EB-1B84-4326-16A55DDAC49E</keyObject>
<referredKeyID>F9055752-09EB-1B84-4326-16A55DDAC49E</referredKeyID>
<mandatory>true</mandatory>
<refColNames>property_id,STREET_street_id,STREET_AUTHORITY_author_name</refColNames>
<transferable>true</transferable>
<rely>false</rely>
<columnDependencyConstraintGenerateInDDL>true</columnDependencyConstraintGenerateInDDL>
</FKIndexAssociation>
