<?xml version = '1.0' encoding = 'UTF-8'?>
<FKIndexAssociation class="oracle.dbtools.crest.model.design.relational.FKIndexAssociation" directorySegmentName="seg_0" id="B98069C1-BBC5-8972-CF60-0A7D3EEF87B9" containerWithKeyObject="B9C7BB83-7A7C-442B-032F-FC032CC33DA3" localFKIndex="893E50F5-C80C-FEA8-D75C-1A2ABF9B2D47" name="DRIVER-APPROVE">
<createdBy>student</createdBy>
<createdTime>2023-05-02 10:29:31 UTC</createdTime>
<generatorID>85D57D47-CB3D-EC84-9900-80E5D2158784</generatorID>
<ownerDesignName>assignment 1B logic model</ownerDesignName>
<referredTableLongName>DRIVER</referredTableLongName>
<deleteRule>NO ACTION</deleteRule>
<referredTableID>B6FD4CB2-22A7-6014-9755-61860B0CFACC</referredTableID>
<keyObject>CE5AF890-2727-BD5C-4EA8-DB87063B9724</keyObject>
<referredKeyID>CE5AF890-2727-BD5C-4EA8-DB87063B9724</referredKeyID>
<mandatory>true</mandatory>
<refColNames>driver_no</refColNames>
<transferable>true</transferable>
<rely>false</rely>
<columnDependencyConstraintGenerateInDDL>true</columnDependencyConstraintGenerateInDDL>
</FKIndexAssociation>
