<?xml version = '1.0' encoding = 'UTF-8'?>
<FKIndexAssociation class="oracle.dbtools.crest.model.design.relational.FKIndexAssociation" directorySegmentName="seg_0" id="C2718078-3443-8BCE-DE2C-12F57D18718E" containerWithKeyObject="BF6095F5-530E-1B14-80E8-DCF6F6DFC07B" localFKIndex="FDA5271A-DF21-25F4-E452-93A217954C3D" name="TRUCK-CONTRACT_COLLECTION">
<createdBy>student</createdBy>
<createdTime>2023-05-02 10:29:31 UTC</createdTime>
<generatorID>1DC638E3-BA0A-9092-1E69-19E89F2A2828</generatorID>
<ownerDesignName>assignment 1B logic model</ownerDesignName>
<referredTableLongName>TRUCK</referredTableLongName>
<deleteRule>NO ACTION</deleteRule>
<referredTableID>903DAB9E-7DE7-684E-3226-43A89E6C7F3E</referredTableID>
<keyObject>1F879670-3BC4-9DD2-A0DA-40ADE8794C77</keyObject>
<referredKeyID>1F879670-3BC4-9DD2-A0DA-40ADE8794C77</referredKeyID>
<mandatory>true</mandatory>
<refColNames>truck_vin</refColNames>
<transferable>true</transferable>
<rely>false</rely>
<columnDependencyConstraintGenerateInDDL>true</columnDependencyConstraintGenerateInDDL>
</FKIndexAssociation>
