<?xml version = '1.0' encoding = 'UTF-8'?>
<FKIndexAssociation class="oracle.dbtools.crest.model.design.relational.FKIndexAssociation" directorySegmentName="seg_0" id="C69B2E2D-2399-98F0-61D4-C5019C30376C" containerWithKeyObject="518ECD54-5DAB-BCA1-E135-76F9EEC88348" localFKIndex="818573E0-4036-12DF-6EB8-A793A5906EB8" name="STREET-PROPERTY">
<createdBy>student</createdBy>
<createdTime>2023-05-02 10:07:54 UTC</createdTime>
<generatorID>74E16C8F-7CC3-3D7E-7B73-1D74DD6D3218</generatorID>
<ownerDesignName>assignment 1B logic model</ownerDesignName>
<referredTableLongName>STREET</referredTableLongName>
<deleteRule>NO ACTION</deleteRule>
<referredTableID>43677068-506C-B396-5C92-791D0CC36F14</referredTableID>
<keyObject>DF63FBED-673E-3A7C-C875-340417EE58BC</keyObject>
<referredKeyID>DF63FBED-673E-3A7C-C875-340417EE58BC</referredKeyID>
<mandatory>true</mandatory>
<refColNames>street_id,AUTHORITY_author_name</refColNames>
<transferable>true</transferable>
<rely>false</rely>
<columnDependencyConstraintGenerateInDDL>true</columnDependencyConstraintGenerateInDDL>
</FKIndexAssociation>
