<?xml version = '1.0' encoding = 'UTF-8'?>
<FKIndexAssociation class="oracle.dbtools.crest.model.design.relational.FKIndexAssociation" directorySegmentName="seg_0" id="CC421BD1-E482-3790-663F-F97A3AF25527" containerWithKeyObject="F1114C38-18F3-F2F0-36C3-68D9DEF8EFF5" localFKIndex="A13DDCB9-DF52-A5DC-F29F-8464453CB260" name="AUTHORITY-CONTRACT">
<createdBy>student</createdBy>
<createdTime>2023-05-02 10:07:54 UTC</createdTime>
<generatorID>C8CD8576-4172-A6D8-4417-6D7FBC6DCC3C</generatorID>
<ownerDesignName>assignment 1B logic model</ownerDesignName>
<referredTableLongName>AUTHORITY</referredTableLongName>
<deleteRule>NO ACTION</deleteRule>
<referredTableID>F5998A94-AE41-E0C3-E2EC-C3471AE9788F</referredTableID>
<keyObject>B4D6D233-FFD1-4FA7-E169-EA3B281BB92E</keyObject>
<referredKeyID>B4D6D233-FFD1-4FA7-E169-EA3B281BB92E</referredKeyID>
<mandatory>true</mandatory>
<refColNames>author_name</refColNames>
<transferable>true</transferable>
<rely>false</rely>
<columnDependencyConstraintGenerateInDDL>true</columnDependencyConstraintGenerateInDDL>
</FKIndexAssociation>
