<?xml version = '1.0' encoding = 'UTF-8'?>
<FKIndexAssociation class="oracle.dbtools.crest.model.design.relational.FKIndexAssociation" directorySegmentName="seg_0" id="CFEA8914-380E-B378-1355-774763C35021" containerWithKeyObject="AEC3B251-6EFF-FC89-AC8E-8902B46814C8" localFKIndex="55FFCB85-6941-43A0-E62F-889B7338B665" name="CONTRACT-CONTRACT_SUPPLY">
<createdBy>student</createdBy>
<createdTime>2023-05-02 10:29:31 UTC</createdTime>
<generatorID>6CD250D2-BB6B-0037-B65A-0AFB93CFC027</generatorID>
<ownerDesignName>assignment 1B logic model</ownerDesignName>
<referredTableLongName>CONTRACT</referredTableLongName>
<deleteRule>NO ACTION</deleteRule>
<referredTableID>F1114C38-18F3-F2F0-36C3-68D9DEF8EFF5</referredTableID>
<keyObject>5CA79103-8C9C-B4D5-40A0-D551EE89CFEF</keyObject>
<referredKeyID>5CA79103-8C9C-B4D5-40A0-D551EE89CFEF</referredKeyID>
<mandatory>true</mandatory>
<refColNames>contra_no</refColNames>
<transferable>true</transferable>
<rely>false</rely>
<columnDependencyConstraintGenerateInDDL>true</columnDependencyConstraintGenerateInDDL>
</FKIndexAssociation>
