<?xml version = '1.0' encoding = 'UTF-8'?>
<FKIndexAssociation class="oracle.dbtools.crest.model.design.relational.FKIndexAssociation" directorySegmentName="seg_0" id="D7E6FCC4-776E-23D7-ECAC-C5E46597CD00" containerWithKeyObject="DB768720-4DDF-5C50-5B24-7364F5D0FFAA" localFKIndex="F8E884AE-979A-07A5-745E-DECE0CA417A6" name="DRIVER-TRUCK_TRUCK_FK">
<createdBy>student</createdBy>
<createdTime>2023-05-02 08:58:32 UTC</createdTime>
<generatorID>C7CC9DE0-21D5-DB36-1112-4F578390FC1C</generatorID>
<ownerDesignName>assignment 1B logic model</ownerDesignName>
<referredTableLongName>TRUCK</referredTableLongName>
<deleteRule>NO ACTION</deleteRule>
<referredTableID>903DAB9E-7DE7-684E-3226-43A89E6C7F3E</referredTableID>
<keyObject>1F879670-3BC4-9DD2-A0DA-40ADE8794C77</keyObject>
<referredKeyID>1F879670-3BC4-9DD2-A0DA-40ADE8794C77</referredKeyID>
<mandatory>true</mandatory>
<refColNames>truck_vin</refColNames>
<transferable>true</transferable>
<rely>false</rely>
<columnDependencyConstraintGenerateInDDL>true</columnDependencyConstraintGenerateInDDL>
</FKIndexAssociation>
