<?xml version = '1.0' encoding = 'UTF-8'?>
<FKIndexAssociation class="oracle.dbtools.crest.model.design.relational.FKIndexAssociation" directorySegmentName="seg_0" id="EE7DEDC2-EA2A-E567-C3E4-A03CD54F9A22" containerWithKeyObject="8B5ADFB3-1258-12B7-FD6A-2C323EEC15DF" localFKIndex="B1D8F49B-C420-B0B3-3BD8-A74FB02F4DC1" name="WASTE_TYPE-BIN_TYPE">
<createdBy>student</createdBy>
<createdTime>2023-05-02 23:53:59 UTC</createdTime>
<generatorID>374DEF31-53CE-90C1-D08E-8D118EE2FFFF</generatorID>
<ownerDesignName>assignment 1B logic model</ownerDesignName>
<referredTableLongName>WASTE_TYPE</referredTableLongName>
<deleteRule>NO ACTION</deleteRule>
<referredTableID>D8718850-9909-D1D9-768F-54693E86514E</referredTableID>
<keyObject>24F0ED49-647B-BFBC-12C9-9505E17A8884</keyObject>
<referredKeyID>24F0ED49-647B-BFBC-12C9-9505E17A8884</referredKeyID>
<mandatory>true</mandatory>
<refColNames>waste_type_id</refColNames>
<transferable>true</transferable>
<rely>false</rely>
<columnDependencyConstraintGenerateInDDL>true</columnDependencyConstraintGenerateInDDL>
</FKIndexAssociation>
