<?xml version = '1.0' encoding = 'UTF-8'?>
<FKIndexAssociation class="oracle.dbtools.crest.model.design.relational.FKIndexAssociation" directorySegmentName="seg_0" id="FC5731B5-A508-6353-6614-D145A1BDF394" containerWithKeyObject="BF6095F5-530E-1B14-80E8-DCF6F6DFC07B" localFKIndex="9772B7D6-F49E-FDD1-5E54-D57030937B4D" name="CONTRACT-CONTRACT_COLLECTION">
<createdBy>student</createdBy>
<createdTime>2023-05-02 10:29:31 UTC</createdTime>
<generatorID>2D7F4FB6-8D18-7E61-6A03-06484873F3D7</generatorID>
<ownerDesignName>assignment 1B logic model</ownerDesignName>
<referredTableLongName>CONTRACT</referredTableLongName>
<deleteRule>NO ACTION</deleteRule>
<referredTableID>F1114C38-18F3-F2F0-36C3-68D9DEF8EFF5</referredTableID>
<keyObject>5CA79103-8C9C-B4D5-40A0-D551EE89CFEF</keyObject>
<referredKeyID>5CA79103-8C9C-B4D5-40A0-D551EE89CFEF</referredKeyID>
<mandatory>true</mandatory>
<refColNames>contra_no</refColNames>
<transferable>true</transferable>
<rely>false</rely>
<columnDependencyConstraintGenerateInDDL>true</columnDependencyConstraintGenerateInDDL>
</FKIndexAssociation>
