<?xml version = '1.0' encoding = 'UTF-8'?>
<FKIndexAssociation class="oracle.dbtools.crest.model.design.relational.FKIndexAssociation" directorySegmentName="seg_0" id="FC8BCF71-C5F1-95DA-0F74-9ACF960CFB07" containerWithKeyObject="7E15A327-A9DD-148F-C572-F24E4890D848" localFKIndex="43AC7674-0C2B-850D-33EE-5F45A89F888B" name="OWNER-PROPERTY_OWNER_FK">
<createdBy>student</createdBy>
<createdTime>2023-05-02 10:07:54 UTC</createdTime>
<generatorID>95CF8D74-5ECD-D8BD-EA6A-3334F9EAB71B</generatorID>
<ownerDesignName>assignment 1B logic model</ownerDesignName>
<referredTableLongName>OWNER</referredTableLongName>
<deleteRule>NO ACTION</deleteRule>
<referredTableID>5768B766-5C52-CF00-997D-1DF8594BEAFD</referredTableID>
<keyObject>C35DEE6F-0A6B-26AC-E03D-CA9F35041FB5</keyObject>
<referredKeyID>C35DEE6F-0A6B-26AC-E03D-CA9F35041FB5</referredKeyID>
<mandatory>true</mandatory>
<refColNames>owner_id</refColNames>
<transferable>true</transferable>
<rely>false</rely>
<columnDependencyConstraintGenerateInDDL>true</columnDependencyConstraintGenerateInDDL>
</FKIndexAssociation>
