<?xml version = '1.0' encoding = 'UTF-8'?>
<Table class="oracle.dbtools.crest.model.design.relational.Table" directorySegmentName="seg_0" id="43677068-506C-B396-5C92-791D0CC36F14" name="STREET">
<createdBy>student</createdBy>
<createdTime>2023-05-02 10:07:54 UTC</createdTime>
<generatorID>7FC5BE2F-7286-ACC4-835E-62962441DA96</generatorID>
<ownerDesignName>assignment 1B logic model</ownerDesignName>
<allowColumnReorder>false</allowColumnReorder>
<existDependencyGenerateInDDl>true</existDependencyGenerateInDDl>
<parsed>true</parsed>
<columns itemClass="oracle.dbtools.crest.model.design.relational.Column">
<Column name="street_id" id="ACE42A1D-4881-64E7-6D50-6913028570B0">
<createdBy>student</createdBy>
<createdTime>2023-05-02 10:07:54 UTC</createdTime>
<commentInRDBMS><![CDATA[The street id]]></commentInRDBMS>
<generatorID>5D133EE4-8E59-81AF-5A23-F76FF2BF68A7</generatorID>
<ownerDesignName>assignment 1B logic model</ownerDesignName>
<useDomainConstraints>false</useDomainConstraints>
<use>1</use>
<logicalDatatype>LOGDT019</logicalDatatype>
<dataTypePrecision>10</dataTypePrecision>
<ownDataTypeParameters>,10,</ownDataTypeParameters>
<autoIncrementCycle>false</autoIncrementCycle>
</Column>
<Column name="street_name" id="6050CB89-C601-7C75-F753-5BF887A9CEE3">
<createdBy>student</createdBy>
<createdTime>2023-05-02 10:07:54 UTC</createdTime>
<commentInRDBMS><![CDATA[The name of the street]]></commentInRDBMS>
<generatorID>6154D344-7E30-81C8-0E19-548D879DDF75</generatorID>
<ownerDesignName>assignment 1B logic model</ownerDesignName>
<useDomainConstraints>false</useDomainConstraints>
<use>1</use>
<logicalDatatype>LOGDT024</logicalDatatype>
<dataTypeSize>30</dataTypeSize>
<ownDataTypeParameters>30,,</ownDataTypeParameters>
<autoIncrementCycle>false</autoIncrementCycle>
</Column>
<Column name="street_length" id="58632FD6-8AD1-8E7F-0D19-7826120A950F">
<createdBy>student</createdBy>
<createdTime>2023-05-02 10:07:54 UTC</createdTime>
<commentInRDBMS><![CDATA[The length of street]]></commentInRDBMS>
<generatorID>18E3EEB3-2676-614A-C69F-F75E680D09BA</generatorID>
<ownerDesignName>assignment 1B logic model</ownerDesignName>
<useDomainConstraints>false</useDomainConstraints>
<use>1</use>
<logicalDatatype>LOGDT019</logicalDatatype>
<dataTypePrecision>10</dataTypePrecision>
<dataTypeScale>2</dataTypeScale>
<ownDataTypeParameters>,10,2</ownDataTypeParameters>
<autoIncrementCycle>false</autoIncrementCycle>
</Column>
<Column name="street_road_surface_type" id="CE20C22C-D799-25A0-9557-94C1903DC251">
<createdBy>student</createdBy>
<createdTime>2023-05-02 10:07:54 UTC</createdTime>
<commentInRDBMS><![CDATA[The road surface type]]></commentInRDBMS>
<generatorID>B9BABB05-127F-6ADA-BCDD-5F5DE7E7ECE6</generatorID>
<ownerDesignName>assignment 1B logic model</ownerDesignName>
<useDomainConstraints>false</useDomainConstraints>
<use>1</use>
<logicalDatatype>LOGDT024</logicalDatatype>
<dataTypeSize>30</dataTypeSize>
<ownDataTypeParameters>30,,</ownDataTypeParameters>
<autoIncrementCycle>false</autoIncrementCycle>
</Column>
<Column name="street_lanes_num" id="1B20F8C2-B297-4ECD-1A7A-03D35EF1D0E1">
<createdBy>student</createdBy>
<createdTime>2023-05-02 10:07:54 UTC</createdTime>
<commentInRDBMS><![CDATA[the number of lane in one street]]></commentInRDBMS>
<generatorID>4024B91A-9579-AC06-5739-985F5D5B089F</generatorID>
<ownerDesignName>assignment 1B logic model</ownerDesignName>
<useDomainConstraints>false</useDomainConstraints>
<use>1</use>
<logicalDatatype>LOGDT019</logicalDatatype>
<dataTypePrecision>10</dataTypePrecision>
<ownDataTypeParameters>,10,</ownDataTypeParameters>
<autoIncrementCycle>false</autoIncrementCycle>
</Column>
<Column name="author_name" id="76708FE7-2F50-0C91-E65C-A2E34B1616A6">
<createdBy>student</createdBy>
<createdTime>2023-05-02 10:07:54 UTC</createdTime>
<commentInRDBMS><![CDATA[The authority name ]]></commentInRDBMS>
<generatorID>666F29ED-97C9-00C8-FCB2-5793AF44E4F1</generatorID>
<ownerDesignName>assignment 1B logic model</ownerDesignName>
<useDomainConstraints>false</useDomainConstraints>
<use>1</use>
<logicalDatatype>LOGDT024</logicalDatatype>
<dataTypeSize>30</dataTypeSize>
<ownDataTypeParameters>30,,</ownDataTypeParameters>
<previousColumn>false</previousColumn>
<autoIncrementCycle>false</autoIncrementCycle>
<associations>
<colAssociation fkAssociation="908CD5D0-8BB7-974C-61B8-0C744D58CABC" referredColumn="141620AC-1027-5FF0-36AB-1FDC18CE79B0"/>
</associations>
</Column>
</columns>
<indexes itemClass="oracle.dbtools.crest.model.design.relational.Index">
<ind_PK_UK id="DF63FBED-673E-3A7C-C875-340417EE58BC" name="STREET_PK">
<createdBy>student</createdBy>
<createdTime>2023-05-02 10:07:54 UTC</createdTime>
<generatorID>666729DB-60B2-9682-2EE1-903F9F388A6A</generatorID>
<ownerDesignName>assignment 1B logic model</ownerDesignName>
<pk>true</pk>
<indexState>Primary Constraint</indexState>
<isSurrogateKey>false</isSurrogateKey>
<indexColumnUsage>
<colUsage columnID="ACE42A1D-4881-64E7-6D50-6913028570B0"/>
<colUsage columnID="76708FE7-2F50-0C91-E65C-A2E34B1616A6"/>
</indexColumnUsage>
</ind_PK_UK>
<ind_PK_UK id="EA633E27-FF6B-8ADB-D42C-03D469ECEDBE" name="AUTHORITY-STREET">
<createdBy>student</createdBy>
<createdTime>2023-05-02 10:07:54 UTC</createdTime>
<generatorID>2E4DDF96-A927-B2DB-F25D-623BA0E9B29A</generatorID>
<ownerDesignName>assignment 1B logic model</ownerDesignName>
<indexState>Foreign Key</indexState>
<isSurrogateKey>false</isSurrogateKey>
<indexColumnUsage>
<colUsage columnID="76708FE7-2F50-0C91-E65C-A2E34B1616A6"/>
</indexColumnUsage>
</ind_PK_UK>
</indexes>
</Table>
