<?xml version = '1.0' encoding = 'UTF-8'?>
<Table class="oracle.dbtools.crest.model.design.relational.Table" directorySegmentName="seg_0" id="518ECD54-5DAB-BCA1-E135-76F9EEC88348" name="PROPERTY">
<createdBy>student</createdBy>
<createdTime>2023-05-02 10:07:54 UTC</createdTime>
<generatorID>0D53265B-9825-A784-9174-BA88B77283CE</generatorID>
<ownerDesignName>assignment 1B logic model</ownerDesignName>
<allowColumnReorder>false</allowColumnReorder>
<existDependencyGenerateInDDl>true</existDependencyGenerateInDDl>
<parsed>true</parsed>
<columns itemClass="oracle.dbtools.crest.model.design.relational.Column">
<Column name="property_id" id="310D527D-725E-399B-7A6B-F1E8C1FB6A7F">
<createdBy>student</createdBy>
<createdTime>2023-05-02 10:07:54 UTC</createdTime>
<commentInRDBMS><![CDATA[Property id number ]]></commentInRDBMS>
<generatorID>33544627-02B0-C000-45FF-D17B4FFC5C39</generatorID>
<ownerDesignName>assignment 1B logic model</ownerDesignName>
<useDomainConstraints>false</useDomainConstraints>
<use>1</use>
<logicalDatatype>LOGDT019</logicalDatatype>
<dataTypePrecision>10</dataTypePrecision>
<ownDataTypeParameters>,10,</ownDataTypeParameters>
<autoIncrementCycle>false</autoIncrementCycle>
</Column>
<Column name="bin_tag_rfid" id="05371BE7-C12A-8897-97AA-97EA17D1AB30">
<createdBy>student</createdBy>
<createdTime>2023-05-02 10:07:54 UTC</createdTime>
<commentInRDBMS><![CDATA[RFID tag of bin]]></commentInRDBMS>
<generatorID>0EE8C550-14E5-A0FC-CC08-B91BDF3DA1E6</generatorID>
<ownerDesignName>assignment 1B logic model</ownerDesignName>
<useDomainConstraints>false</useDomainConstraints>
<use>1</use>
<logicalDatatype>LOGDT019</logicalDatatype>
<dataTypePrecision>10</dataTypePrecision>
<ownDataTypeParameters>,10,</ownDataTypeParameters>
<autoIncrementCycle>false</autoIncrementCycle>
</Column>
<Column name="street_num" id="D956480E-4322-3BD1-C386-F3B89FA5E672">
<createdBy>student</createdBy>
<createdTime>2023-05-02 10:07:54 UTC</createdTime>
<commentInRDBMS><![CDATA[Street number]]></commentInRDBMS>
<generatorID>6F694341-0329-B1A1-9049-8A0564670754</generatorID>
<ownerDesignName>assignment 1B logic model</ownerDesignName>
<useDomainConstraints>false</useDomainConstraints>
<use>1</use>
<logicalDatatype>LOGDT019</logicalDatatype>
<dataTypePrecision>10</dataTypePrecision>
<ownDataTypeParameters>,10,</ownDataTypeParameters>
<autoIncrementCycle>false</autoIncrementCycle>
</Column>
<Column name="street_id" id="3879F2AD-DE7D-E2D4-8862-49496F707B86">
<createdBy>student</createdBy>
<createdTime>2023-05-02 10:07:54 UTC</createdTime>
<commentInRDBMS><![CDATA[The street id]]></commentInRDBMS>
<generatorID>1C0218ED-B9F8-6086-A803-3A59D2934BCD</generatorID>
<ownerDesignName>assignment 1B logic model</ownerDesignName>
<useDomainConstraints>false</useDomainConstraints>
<use>1</use>
<logicalDatatype>LOGDT019</logicalDatatype>
<dataTypePrecision>10</dataTypePrecision>
<ownDataTypeParameters>,10,</ownDataTypeParameters>
<previousColumn>false</previousColumn>
<autoIncrementCycle>false</autoIncrementCycle>
<associations>
<colAssociation fkAssociation="C69B2E2D-2399-98F0-61D4-C5019C30376C" referredColumn="ACE42A1D-4881-64E7-6D50-6913028570B0"/>
</associations>
</Column>
<Column name="author_name" id="1DEE6E9E-0CF5-E7D3-4B58-8B023D69EF31">
<createdBy>student</createdBy>
<createdTime>2023-05-02 10:07:54 UTC</createdTime>
<commentInRDBMS><![CDATA[The authority name ]]></commentInRDBMS>
<generatorID>ABC473B4-43CD-F56C-557C-78A5C0D3FF95</generatorID>
<ownerDesignName>assignment 1B logic model</ownerDesignName>
<useDomainConstraints>false</useDomainConstraints>
<use>1</use>
<logicalDatatype>LOGDT024</logicalDatatype>
<dataTypeSize>30</dataTypeSize>
<ownDataTypeParameters>30,,</ownDataTypeParameters>
<previousColumn>false</previousColumn>
<autoIncrementCycle>false</autoIncrementCycle>
<associations>
<colAssociation fkAssociation="C69B2E2D-2399-98F0-61D4-C5019C30376C" referredColumn="76708FE7-2F50-0C91-E65C-A2E34B1616A6"/>
</associations>
</Column>
</columns>
<indexes itemClass="oracle.dbtools.crest.model.design.relational.Index">
<ind_PK_UK id="F9055752-09EB-1B84-4326-16A55DDAC49E" name="PROPERTY_PK">
<createdBy>student</createdBy>
<createdTime>2023-05-02 10:07:54 UTC</createdTime>
<generatorID>3F00E7BE-0A5F-854A-2C98-24BCF948E92E</generatorID>
<ownerDesignName>assignment 1B logic model</ownerDesignName>
<pk>true</pk>
<indexState>Primary Constraint</indexState>
<isSurrogateKey>false</isSurrogateKey>
<indexColumnUsage>
<colUsage columnID="310D527D-725E-399B-7A6B-F1E8C1FB6A7F"/>
<colUsage columnID="3879F2AD-DE7D-E2D4-8862-49496F707B86"/>
<colUsage columnID="1DEE6E9E-0CF5-E7D3-4B58-8B023D69EF31"/>
</indexColumnUsage>
</ind_PK_UK>
<ind_PK_UK id="818573E0-4036-12DF-6EB8-A793A5906EB8" name="STREET-PROPERTY">
<createdBy>student</createdBy>
<createdTime>2023-05-02 10:07:54 UTC</createdTime>
<generatorID>74E16C8F-7CC3-3D7E-7B73-1D74DD6D3218</generatorID>
<ownerDesignName>assignment 1B logic model</ownerDesignName>
<indexState>Foreign Key</indexState>
<isSurrogateKey>false</isSurrogateKey>
<indexColumnUsage>
<colUsage columnID="3879F2AD-DE7D-E2D4-8862-49496F707B86"/>
<colUsage columnID="1DEE6E9E-0CF5-E7D3-4B58-8B023D69EF31"/>
</indexColumnUsage>
</ind_PK_UK>
</indexes>
</Table>
