<?xml version = '1.0' encoding = 'UTF-8'?>
<Table class="oracle.dbtools.crest.model.design.relational.Table" directorySegmentName="seg_0" id="5768B766-5C52-CF00-997D-1DF8594BEAFD" name="OWNER">
<createdBy>student</createdBy>
<createdTime>2023-04-30 14:44:19 UTC</createdTime>
<generatorID>28278A66-457F-9D0F-B981-987451C93B21</generatorID>
<ownerDesignName>assignment 1B logic model</ownerDesignName>
<allowColumnReorder>false</allowColumnReorder>
<existDependencyGenerateInDDl>true</existDependencyGenerateInDDl>
<parsed>true</parsed>
<columns itemClass="oracle.dbtools.crest.model.design.relational.Column">
<Column name="owner_id" id="C68246F6-E131-1A2E-EEDF-2AAC83512167">
<createdBy>student</createdBy>
<createdTime>2023-04-30 14:44:19 UTC</createdTime>
<commentInRDBMS><![CDATA[Owner id ]]></commentInRDBMS>
<generatorID>9E6D46EB-EDED-4278-41A1-3DE736DF513F</generatorID>
<ownerDesignName>assignment 1B logic model</ownerDesignName>
<useDomainConstraints>false</useDomainConstraints>
<use>1</use>
<logicalDatatype>LOGDT019</logicalDatatype>
<dataTypePrecision>10</dataTypePrecision>
<ownDataTypeParameters>,10,</ownDataTypeParameters>
<autoIncrementCycle>false</autoIncrementCycle>
</Column>
<Column name="owner_email" id="5E18D782-89A7-13E3-7438-A4E3FB3527B3">
<createdBy>student</createdBy>
<createdTime>2023-04-30 14:44:19 UTC</createdTime>
<commentInRDBMS><![CDATA[Owner email address]]></commentInRDBMS>
<generatorID>BD096562-5BD7-35F4-F747-9005E7732603</generatorID>
<ownerDesignName>assignment 1B logic model</ownerDesignName>
<nullsAllowed>true</nullsAllowed>
<useDomainConstraints>false</useDomainConstraints>
<use>1</use>
<logicalDatatype>LOGDT024</logicalDatatype>
<dataTypeSize>30</dataTypeSize>
<ownDataTypeParameters>30,,</ownDataTypeParameters>
<autoIncrementCycle>false</autoIncrementCycle>
</Column>
<Column name="owner_phone" id="82B79470-F95C-B243-EB4C-7A9862B0C3D2">
<createdBy>student</createdBy>
<createdTime>2023-04-30 14:44:19 UTC</createdTime>
<commentInRDBMS><![CDATA[owner phone number is mandatory]]></commentInRDBMS>
<generatorID>06B8A981-159B-1206-63FD-EED913A4AA48</generatorID>
<ownerDesignName>assignment 1B logic model</ownerDesignName>
<useDomainConstraints>false</useDomainConstraints>
<use>1</use>
<logicalDatatype>LOGDT025</logicalDatatype>
<dataTypeSize>10</dataTypeSize>
<ownDataTypeParameters>10,,</ownDataTypeParameters>
<autoIncrementCycle>false</autoIncrementCycle>
</Column>
<Column name="owner_name" id="71EA36DC-C5AB-DD5D-4D21-D5304BC1E359">
<createdBy>student</createdBy>
<createdTime>2023-04-30 14:44:19 UTC</createdTime>
<commentInRDBMS><![CDATA[Owner's name ]]></commentInRDBMS>
<generatorID>3FAD2533-99D5-0267-C94D-AC6481840F19</generatorID>
<ownerDesignName>assignment 1B logic model</ownerDesignName>
<useDomainConstraints>false</useDomainConstraints>
<use>1</use>
<logicalDatatype>LOGDT024</logicalDatatype>
<dataTypeSize>30</dataTypeSize>
<ownDataTypeParameters>30,,</ownDataTypeParameters>
<autoIncrementCycle>false</autoIncrementCycle>
</Column>
</columns>
<indexes itemClass="oracle.dbtools.crest.model.design.relational.Index">
<ind_PK_UK id="C35DEE6F-0A6B-26AC-E03D-CA9F35041FB5" name="OWNER_PK">
<createdBy>student</createdBy>
<createdTime>2023-04-30 14:44:19 UTC</createdTime>
<generatorID>85895F0A-9BB8-81BC-9712-0B5EA8F2E209</generatorID>
<ownerDesignName>assignment 1B logic model</ownerDesignName>
<pk>true</pk>
<indexState>Primary Constraint</indexState>
<isSurrogateKey>false</isSurrogateKey>
<indexColumnUsage>
<colUsage columnID="C68246F6-E131-1A2E-EEDF-2AAC83512167"/>
</indexColumnUsage>
</ind_PK_UK>
</indexes>
</Table>
