<?xml version = '1.0' encoding = 'UTF-8'?>
<Table class="oracle.dbtools.crest.model.design.relational.Table" directorySegmentName="seg_0" id="5D10E9AC-D520-FD6F-B437-15C0CFF3E16A" name="BIN">
<createdBy>student</createdBy>
<createdTime>2023-05-02 10:29:31 UTC</createdTime>
<generatorID>97409745-5C6A-97C0-DA54-6938EFEA1288</generatorID>
<ownerDesignName>assignment 1B logic model</ownerDesignName>
<allowColumnReorder>false</allowColumnReorder>
<existDependencyGenerateInDDl>true</existDependencyGenerateInDDl>
<parsed>true</parsed>
<columns itemClass="oracle.dbtools.crest.model.design.relational.Column">
<Column name="bin_tag_rfid" id="DF5CAFD7-086D-2769-5B2E-AD58C3B5444E">
<createdBy>student</createdBy>
<createdTime>2023-05-02 10:29:31 UTC</createdTime>
<commentInRDBMS><![CDATA[bin RFID tag]]></commentInRDBMS>
<generatorID>13023D98-D190-CAF5-8959-2A2ABB70295B</generatorID>
<ownerDesignName>assignment 1B logic model</ownerDesignName>
<useDomainConstraints>false</useDomainConstraints>
<use>1</use>
<logicalDatatype>LOGDT025</logicalDatatype>
<dataTypeSize>16</dataTypeSize>
<ownDataTypeParameters>16,,</ownDataTypeParameters>
<autoIncrementCycle>false</autoIncrementCycle>
</Column>
<Column name="bin_kg" id="6D9A1FC6-7979-132C-4C4E-BFB9335FFA23">
<createdBy>student</createdBy>
<createdTime>2023-05-02 10:29:31 UTC</createdTime>
<commentInRDBMS><![CDATA[The collected weight of the bin]]></commentInRDBMS>
<generatorID>00EDD954-F49F-1335-B16C-5BABE94F8A1F</generatorID>
<ownerDesignName>assignment 1B logic model</ownerDesignName>
<useDomainConstraints>false</useDomainConstraints>
<use>1</use>
<logicalDatatype>LOGDT019</logicalDatatype>
<dataTypePrecision>10</dataTypePrecision>
<dataTypeScale>2</dataTypeScale>
<ownDataTypeParameters>,10,2</ownDataTypeParameters>
<autoIncrementCycle>false</autoIncrementCycle>
</Column>
<Column name="bin_replace_reason" id="6F3457DE-0DD6-07F8-FC93-463D54593D9D">
<createdBy>student</createdBy>
<createdTime>2023-05-02 10:29:31 UTC</createdTime>
<commentInRDBMS><![CDATA[The reason of replacement of bin]]></commentInRDBMS>
<generatorID>DA8D2E6E-2528-4FA3-C226-612C26F6A1D1</generatorID>
<ownerDesignName>assignment 1B logic model</ownerDesignName>
<nullsAllowed>true</nullsAllowed>
<useDomainConstraints>false</useDomainConstraints>
<use>1</use>
<logicalDatatype>LOGDT024</logicalDatatype>
<dataTypeSize>50</dataTypeSize>
<ownDataTypeParameters>50,,</ownDataTypeParameters>
<autoIncrementCycle>false</autoIncrementCycle>
</Column>
<Column name="bin_date_supply" id="23EE07F4-8328-54F5-7194-F72E6F24D53E">
<createdBy>student</createdBy>
<createdTime>2023-05-02 10:29:31 UTC</createdTime>
<commentInRDBMS><![CDATA[The suppliy date of bin]]></commentInRDBMS>
<generatorID>14C6D888-E56E-BE8D-27D8-7F340E6AE5F8</generatorID>
<ownerDesignName>assignment 1B logic model</ownerDesignName>
<useDomainConstraints>false</useDomainConstraints>
<use>1</use>
<logicalDatatype>LOGDT007</logicalDatatype>
<ownDataTypeParameters>,,</ownDataTypeParameters>
<autoIncrementCycle>false</autoIncrementCycle>
</Column>
<Column name="contra_no" id="1DB8649D-3FFD-4B61-15D4-82D738443623">
<createdBy>student</createdBy>
<createdTime>2023-05-02 10:29:31 UTC</createdTime>
<commentInRDBMS><![CDATA[contract number]]></commentInRDBMS>
<generatorID>C990E426-49CD-D276-3A8B-053D06B9E099</generatorID>
<ownerDesignName>assignment 1B logic model</ownerDesignName>
<useDomainConstraints>false</useDomainConstraints>
<use>1</use>
<logicalDatatype>LOGDT019</logicalDatatype>
<dataTypePrecision>10</dataTypePrecision>
<ownDataTypeParameters>,10,</ownDataTypeParameters>
<previousColumn>false</previousColumn>
<autoIncrementCycle>false</autoIncrementCycle>
<associations>
<colAssociation fkAssociation="3FBB8255-E830-F153-D7B9-3B25E7C0C728" referredColumn="6CC8FE8C-AFEE-EEF4-2F5E-00EA4EB2E601"/>
</associations>
</Column>
<Column name="waste_type_id" id="E7F9AA8D-10F1-4AB9-4136-168766F93365">
<createdBy>student</createdBy>
<createdTime>2023-05-02 10:29:31 UTC</createdTime>
<commentInRDBMS><![CDATA[Waste type id ]]></commentInRDBMS>
<generatorID>AD089042-A5E9-AE3C-CD49-9207DE8E2AED</generatorID>
<ownerDesignName>assignment 1B logic model</ownerDesignName>
<useDomainConstraints>false</useDomainConstraints>
<use>1</use>
<logicalDatatype>LOGDT019</logicalDatatype>
<dataTypePrecision>10</dataTypePrecision>
<ownDataTypeParameters>,10,</ownDataTypeParameters>
<previousColumn>false</previousColumn>
<autoIncrementCycle>false</autoIncrementCycle>
<associations>
<colAssociation fkAssociation="3FBB8255-E830-F153-D7B9-3B25E7C0C728" referredColumn="CDB61642-74B1-B5EB-1C53-F3EE8DD2CC84"/>
</associations>
</Column>
<Column name="collection_date" id="A918409D-5995-4E5C-A3FC-F2FF476456A6">
<createdBy>student</createdBy>
<createdTime>2023-05-02 10:29:31 UTC</createdTime>
<commentInRDBMS><![CDATA[bin collection date ]]></commentInRDBMS>
<generatorID>27986F8D-D269-78C0-A0EB-2B7282B37E70</generatorID>
<ownerDesignName>assignment 1B logic model</ownerDesignName>
<useDomainConstraints>false</useDomainConstraints>
<use>1</use>
<logicalDatatype>LOGDT007</logicalDatatype>
<ownDataTypeParameters>,,</ownDataTypeParameters>
<previousColumn>false</previousColumn>
<autoIncrementCycle>false</autoIncrementCycle>
<associations>
<colAssociation fkAssociation="3FBB8255-E830-F153-D7B9-3B25E7C0C728" referredColumn="C79A8481-6B3F-07FB-A43F-D8146F0EA02D"/>
</associations>
</Column>
<Column name="property_id" id="C1C59356-F17D-70B7-2871-60EB26C3FF7D">
<createdBy>student</createdBy>
<createdTime>2023-05-02 10:29:31 UTC</createdTime>
<commentInRDBMS><![CDATA[Property id number ]]></commentInRDBMS>
<generatorID>7F963239-18A3-B6F3-BB8D-08E21247B34C</generatorID>
<ownerDesignName>assignment 1B logic model</ownerDesignName>
<useDomainConstraints>false</useDomainConstraints>
<use>1</use>
<logicalDatatype>LOGDT019</logicalDatatype>
<dataTypePrecision>10</dataTypePrecision>
<ownDataTypeParameters>,10,</ownDataTypeParameters>
<previousColumn>false</previousColumn>
<autoIncrementCycle>false</autoIncrementCycle>
<associations>
<colAssociation fkAssociation="36571682-ACDF-21BC-F611-DDEA06A1EF14" referredColumn="310D527D-725E-399B-7A6B-F1E8C1FB6A7F"/>
</associations>
</Column>
<Column name="Bin_overweight" id="C7755BEC-A27B-1056-26D3-96D8C04252FA">
<createdBy>student</createdBy>
<createdTime>2023-05-02 10:29:31 UTC</createdTime>
<commentInRDBMS><![CDATA[The record of the bin is owerweight by input (Y or N)]]></commentInRDBMS>
<generatorID>3F2D75E4-6A19-928B-655B-E9EEF94260A6</generatorID>
<ownerDesignName>assignment 1B logic model</ownerDesignName>
<useDomainConstraints>false</useDomainConstraints>
<use>1</use>
<logicalDatatype>LOGDT025</logicalDatatype>
<dataTypeSize>1</dataTypeSize>
<ownDataTypeParameters>1,,</ownDataTypeParameters>
<autoIncrementCycle>false</autoIncrementCycle>
</Column>
<Column name="bin_size" id="E56E8F0C-2685-F05C-83EA-EB9AEBEBAB79">
<createdBy>student</createdBy>
<createdTime>2023-05-02 10:29:31 UTC</createdTime>
<commentInRDBMS><![CDATA[the size of type of bin]]></commentInRDBMS>
<generatorID>2AFC8DF3-90BD-0C12-B974-0E2B94555216</generatorID>
<ownerDesignName>assignment 1B logic model</ownerDesignName>
<useDomainConstraints>false</useDomainConstraints>
<use>1</use>
<logicalDatatype>LOGDT019</logicalDatatype>
<dataTypePrecision>10</dataTypePrecision>
<dataTypeScale>2</dataTypeScale>
<ownDataTypeParameters>,10,2</ownDataTypeParameters>
<previousColumn>false</previousColumn>
<autoIncrementCycle>false</autoIncrementCycle>
<associations>
<colAssociation fkAssociation="2FD07136-B9C7-AF07-0724-A928585B6EE0" referredColumn="B1C31A79-557F-745E-9FA9-D9F15865E92A"/>
</associations>
</Column>
<Column name="street_id" id="6D37D5D7-E456-56B0-98F5-000A70ED4758">
<createdBy>student</createdBy>
<createdTime>2023-05-02 10:29:31 UTC</createdTime>
<commentInRDBMS><![CDATA[The street id]]></commentInRDBMS>
<generatorID>D23F46AD-3D0E-3560-40E2-06B7454BA044</generatorID>
<ownerDesignName>assignment 1B logic model</ownerDesignName>
<useDomainConstraints>false</useDomainConstraints>
<use>1</use>
<logicalDatatype>LOGDT019</logicalDatatype>
<dataTypePrecision>10</dataTypePrecision>
<ownDataTypeParameters>,10,</ownDataTypeParameters>
<previousColumn>false</previousColumn>
<autoIncrementCycle>false</autoIncrementCycle>
<associations>
<colAssociation fkAssociation="36571682-ACDF-21BC-F611-DDEA06A1EF14" referredColumn="3879F2AD-DE7D-E2D4-8862-49496F707B86"/>
</associations>
</Column>
<Column name="author_name" id="D107E65E-2391-663D-A679-BD4AC92242D3">
<createdBy>student</createdBy>
<createdTime>2023-05-02 10:29:31 UTC</createdTime>
<commentInRDBMS><![CDATA[The authority name ]]></commentInRDBMS>
<generatorID>23D70661-4A27-3D9B-AB30-7F85A21DEAB6</generatorID>
<ownerDesignName>assignment 1B logic model</ownerDesignName>
<useDomainConstraints>false</useDomainConstraints>
<use>1</use>
<logicalDatatype>LOGDT024</logicalDatatype>
<dataTypeSize>30</dataTypeSize>
<ownDataTypeParameters>30,,</ownDataTypeParameters>
<previousColumn>false</previousColumn>
<autoIncrementCycle>false</autoIncrementCycle>
<associations>
<colAssociation fkAssociation="36571682-ACDF-21BC-F611-DDEA06A1EF14" referredColumn="1DEE6E9E-0CF5-E7D3-4B58-8B023D69EF31"/>
</associations>
</Column>
<Column name="ct.no" id="76165368-CBC6-64B5-408C-6F9D30E10C5F">
<createdBy>student</createdBy>
<createdTime>2023-05-02 23:52:31 UTC</createdTime>
<commentInRDBMS><![CDATA[collection surrogate key]]></commentInRDBMS>
<generatorID>A3195F95-74EB-9975-302E-3C9DFA97999B</generatorID>
<ownerDesignName>assignment 1B logic model</ownerDesignName>
<useDomainConstraints>false</useDomainConstraints>
<use>1</use>
<logicalDatatype>LOGDT019</logicalDatatype>
<ownDataTypeParameters>,,</ownDataTypeParameters>
<previousColumn>false</previousColumn>
<autoIncrementCycle>false</autoIncrementCycle>
</Column>
<Column name="waste_type_id1" id="444560A1-20CC-725C-E3A8-15BBACE4DC59">
<createdBy>student</createdBy>
<createdTime>2023-05-02 23:52:31 UTC</createdTime>
<commentInRDBMS><![CDATA[Waste type id ]]></commentInRDBMS>
<generatorID>751D59BA-BF80-5D26-F62F-686C45010E97</generatorID>
<ownerDesignName>assignment 1B logic model</ownerDesignName>
<useDomainConstraints>false</useDomainConstraints>
<use>1</use>
<logicalDatatype>LOGDT019</logicalDatatype>
<ownDataTypeParameters>,,</ownDataTypeParameters>
<previousColumn>false</previousColumn>
<autoIncrementCycle>false</autoIncrementCycle>
</Column>
</columns>
<indexes itemClass="oracle.dbtools.crest.model.design.relational.Index">
<ind_PK_UK id="E8CCBB58-0489-DED6-E934-F9310F1A70BD" name="BIN_PK">
<createdBy>student</createdBy>
<createdTime>2023-05-02 10:29:31 UTC</createdTime>
<generatorID>A619705A-7936-7277-A283-76D68CE3251A</generatorID>
<ownerDesignName>assignment 1B logic model</ownerDesignName>
<pk>true</pk>
<indexState>Primary Constraint</indexState>
<isSurrogateKey>false</isSurrogateKey>
<indexColumnUsage>
<colUsage columnID="DF5CAFD7-086D-2769-5B2E-AD58C3B5444E"/>
<colUsage columnID="6D9A1FC6-7979-132C-4C4E-BFB9335FFA23"/>
</indexColumnUsage>
</ind_PK_UK>
<ind_PK_UK id="EB4B3FEE-09C2-4271-15D2-2D3BB12716C6" name="BIN_TYPE-BIN">
<createdBy>student</createdBy>
<createdTime>2023-05-02 10:29:31 UTC</createdTime>
<generatorID>819D8EEB-C946-721A-BAB4-8D289B6AEE2A</generatorID>
<ownerDesignName>assignment 1B logic model</ownerDesignName>
<indexState>Foreign Key</indexState>
<isSurrogateKey>false</isSurrogateKey>
<indexColumnUsage>
<colUsage columnID="E56E8F0C-2685-F05C-83EA-EB9AEBEBAB79"/>
</indexColumnUsage>
</ind_PK_UK>
<ind_PK_UK id="F24744A7-AD78-6BD2-9DB6-2B7B9789B845" name="CONTRACT_COLLECTION-BIN">
<createdBy>student</createdBy>
<createdTime>2023-05-02 10:29:31 UTC</createdTime>
<generatorID>F89FBB44-4898-9FE6-6F38-CEC5F41BD733</generatorID>
<ownerDesignName>assignment 1B logic model</ownerDesignName>
<indexState>Foreign Key</indexState>
<isSurrogateKey>false</isSurrogateKey>
<indexColumnUsage>
<colUsage columnID="1DB8649D-3FFD-4B61-15D4-82D738443623"/>
<colUsage columnID="E7F9AA8D-10F1-4AB9-4136-168766F93365"/>
<colUsage columnID="A918409D-5995-4E5C-A3FC-F2FF476456A6"/>
</indexColumnUsage>
</ind_PK_UK>
<ind_PK_UK id="44DD8E48-365D-FA07-44DD-AF78742B0633" name="PROPERTY_-_BIN">
<createdBy>student</createdBy>
<createdTime>2023-05-02 10:29:31 UTC</createdTime>
<generatorID>0A448A00-3D73-5D34-AFCB-1B85BE36C6B5</generatorID>
<ownerDesignName>assignment 1B logic model</ownerDesignName>
<indexState>Foreign Key</indexState>
<isSurrogateKey>false</isSurrogateKey>
<indexColumnUsage>
<colUsage columnID="C1C59356-F17D-70B7-2871-60EB26C3FF7D"/>
<colUsage columnID="6D37D5D7-E456-56B0-98F5-000A70ED4758"/>
<colUsage columnID="D107E65E-2391-663D-A679-BD4AC92242D3"/>
</indexColumnUsage>
</ind_PK_UK>
</indexes>
</Table>
