<?xml version = '1.0' encoding = 'UTF-8'?>
<Table class="oracle.dbtools.crest.model.design.relational.Table" directorySegmentName="seg_0" id="7E15A327-A9DD-148F-C572-F24E4890D848" name="OWNER-PROPERTY">
<createdBy>student</createdBy>
<createdTime>2023-05-02 10:07:54 UTC</createdTime>
<ownerDesignName>assignment 1B logic model</ownerDesignName>
<allowColumnReorder>false</allowColumnReorder>
<existDependencyGenerateInDDl>true</existDependencyGenerateInDDl>
<parsed>true</parsed>
<columns itemClass="oracle.dbtools.crest.model.design.relational.Column">
<Column name="OWNER_owner_id" id="6F1617CA-5180-A1E9-58F1-169639E2CE43">
<createdBy>student</createdBy>
<createdTime>2023-05-02 10:07:54 UTC</createdTime>
<ownerDesignName>assignment 1B logic model</ownerDesignName>
<useDomainConstraints>false</useDomainConstraints>
<use>1</use>
<logicalDatatype>LOGDT019</logicalDatatype>
<dataTypePrecision>10</dataTypePrecision>
<ownDataTypeParameters>,,</ownDataTypeParameters>
<previousColumn>false</previousColumn>
<autoIncrementCycle>false</autoIncrementCycle>
<associations>
<colAssociation fkAssociation="FC8BCF71-C5F1-95DA-0F74-9ACF960CFB07" referredColumn="C68246F6-E131-1A2E-EEDF-2AAC83512167"/>
</associations>
</Column>
<Column name="PROPERTY_property_id" id="24341EEF-E543-B4EE-5065-5EE8BCFF8E3C">
<createdBy>student</createdBy>
<createdTime>2023-05-02 10:07:54 UTC</createdTime>
<ownerDesignName>assignment 1B logic model</ownerDesignName>
<useDomainConstraints>false</useDomainConstraints>
<use>1</use>
<logicalDatatype>LOGDT019</logicalDatatype>
<dataTypePrecision>10</dataTypePrecision>
<ownDataTypeParameters>,,</ownDataTypeParameters>
<previousColumn>false</previousColumn>
<autoIncrementCycle>false</autoIncrementCycle>
<associations>
<colAssociation fkAssociation="9CD92D85-C784-ECEA-BEC6-8B508D1E3A29" referredColumn="310D527D-725E-399B-7A6B-F1E8C1FB6A7F"/>
</associations>
</Column>
<Column name="PROPERTY_street_id" id="8EFF855A-5AFF-058F-715E-34F8C2AA0579">
<createdBy>student</createdBy>
<createdTime>2023-05-02 10:07:54 UTC</createdTime>
<ownerDesignName>assignment 1B logic model</ownerDesignName>
<useDomainConstraints>false</useDomainConstraints>
<use>1</use>
<logicalDatatype>LOGDT019</logicalDatatype>
<dataTypePrecision>10</dataTypePrecision>
<ownDataTypeParameters>,,</ownDataTypeParameters>
<previousColumn>false</previousColumn>
<autoIncrementCycle>false</autoIncrementCycle>
<associations>
<colAssociation fkAssociation="9CD92D85-C784-ECEA-BEC6-8B508D1E3A29" referredColumn="3879F2AD-DE7D-E2D4-8862-49496F707B86"/>
</associations>
</Column>
<Column name="PROPERTY_author_name" id="80E865AF-196D-EF70-FBE2-7FCC2996FB38">
<createdBy>student</createdBy>
<createdTime>2023-05-02 10:07:54 UTC</createdTime>
<ownerDesignName>assignment 1B logic model</ownerDesignName>
<useDomainConstraints>false</useDomainConstraints>
<use>1</use>
<logicalDatatype>LOGDT024</logicalDatatype>
<dataTypeSize>30</dataTypeSize>
<ownDataTypeParameters>,,</ownDataTypeParameters>
<previousColumn>false</previousColumn>
<autoIncrementCycle>false</autoIncrementCycle>
<associations>
<colAssociation fkAssociation="9CD92D85-C784-ECEA-BEC6-8B508D1E3A29" referredColumn="1DEE6E9E-0CF5-E7D3-4B58-8B023D69EF31"/>
</associations>
</Column>
</columns>
<indexes itemClass="oracle.dbtools.crest.model.design.relational.Index">
<ind_PK_UK id="401F4FD2-5658-F83E-1962-05F803B81A1E" name="OWNER-PROPERTY_PK">
<createdBy>student</createdBy>
<createdTime>2023-05-02 10:07:54 UTC</createdTime>
<ownerDesignName>assignment 1B logic model</ownerDesignName>
<pk>true</pk>
<indexState>Primary Constraint</indexState>
<isSurrogateKey>false</isSurrogateKey>
<indexColumnUsage>
<colUsage columnID="6F1617CA-5180-A1E9-58F1-169639E2CE43"/>
<colUsage columnID="24341EEF-E543-B4EE-5065-5EE8BCFF8E3C"/>
<colUsage columnID="8EFF855A-5AFF-058F-715E-34F8C2AA0579"/>
<colUsage columnID="80E865AF-196D-EF70-FBE2-7FCC2996FB38"/>
</indexColumnUsage>
</ind_PK_UK>
<ind_PK_UK id="43AC7674-0C2B-850D-33EE-5F45A89F888B" name="OWNER-PROPERTY_OWNER_FK">
<createdBy>student</createdBy>
<createdTime>2023-05-02 10:07:54 UTC</createdTime>
<generatorID>95CF8D74-5ECD-D8BD-EA6A-3334F9EAB71B</generatorID>
<ownerDesignName>assignment 1B logic model</ownerDesignName>
<indexState>Foreign Key</indexState>
<isSurrogateKey>false</isSurrogateKey>
<indexColumnUsage>
<colUsage columnID="6F1617CA-5180-A1E9-58F1-169639E2CE43"/>
</indexColumnUsage>
</ind_PK_UK>
<ind_PK_UK id="E07B935D-8046-265D-C35C-C774AE529B1F" name="OWNER-PROPERTY_PROPERTY_FK">
<createdBy>student</createdBy>
<createdTime>2023-05-02 10:07:54 UTC</createdTime>
<generatorID>95CF8D74-5ECD-D8BD-EA6A-3334F9EAB71B</generatorID>
<ownerDesignName>assignment 1B logic model</ownerDesignName>
<indexState>Foreign Key</indexState>
<isSurrogateKey>false</isSurrogateKey>
<indexColumnUsage>
<colUsage columnID="24341EEF-E543-B4EE-5065-5EE8BCFF8E3C"/>
<colUsage columnID="8EFF855A-5AFF-058F-715E-34F8C2AA0579"/>
<colUsage columnID="80E865AF-196D-EF70-FBE2-7FCC2996FB38"/>
</indexColumnUsage>
</ind_PK_UK>
</indexes>
</Table>
