<?xml version = '1.0' encoding = 'UTF-8'?>
<Table class="oracle.dbtools.crest.model.design.relational.Table" directorySegmentName="seg_0" id="8B5ADFB3-1258-12B7-FD6A-2C323EEC15DF" name="BIN_TYPE">
<createdBy>student</createdBy>
<createdTime>2023-05-02 10:29:31 UTC</createdTime>
<generatorID>9FA55115-FDB4-1BB3-429F-DDC7E5EEB6CC</generatorID>
<ownerDesignName>assignment 1B logic model</ownerDesignName>
<allowColumnReorder>false</allowColumnReorder>
<existDependencyGenerateInDDl>true</existDependencyGenerateInDDl>
<parsed>true</parsed>
<columns itemClass="oracle.dbtools.crest.model.design.relational.Column">
<Column name="bin_size" id="B1C31A79-557F-745E-9FA9-D9F15865E92A">
<createdBy>student</createdBy>
<createdTime>2023-05-02 10:29:31 UTC</createdTime>
<commentInRDBMS><![CDATA[the size of type of bin]]></commentInRDBMS>
<generatorID>DB49A183-1813-C750-F8AF-B0D041760414</generatorID>
<ownerDesignName>assignment 1B logic model</ownerDesignName>
<useDomainConstraints>false</useDomainConstraints>
<use>1</use>
<logicalDatatype>LOGDT019</logicalDatatype>
<dataTypePrecision>10</dataTypePrecision>
<dataTypeScale>2</dataTypeScale>
<ownDataTypeParameters>,10,2</ownDataTypeParameters>
<autoIncrementCycle>false</autoIncrementCycle>
</Column>
<Column name="bin_stand_cost_supply" id="2C7E2EC3-64AB-09CB-39F5-5520904A2CE9">
<createdBy>student</createdBy>
<createdTime>2023-05-02 10:29:31 UTC</createdTime>
<commentInRDBMS><![CDATA[standard supply cost of bin]]></commentInRDBMS>
<generatorID>43A8C177-4FD2-4AA0-53B0-D172CF2DABCD</generatorID>
<ownerDesignName>assignment 1B logic model</ownerDesignName>
<useDomainConstraints>false</useDomainConstraints>
<use>1</use>
<logicalDatatype>LOGDT019</logicalDatatype>
<dataTypePrecision>10</dataTypePrecision>
<dataTypeScale>2</dataTypeScale>
<ownDataTypeParameters>,10,2</ownDataTypeParameters>
<autoIncrementCycle>false</autoIncrementCycle>
</Column>
<Column name="waste_type_id" id="FEABB37A-F531-028C-BE51-93F13B6BB8D8">
<createdBy>student</createdBy>
<createdTime>2023-05-02 10:29:31 UTC</createdTime>
<commentInRDBMS><![CDATA[Waste type id ]]></commentInRDBMS>
<generatorID>862ADEDC-ADDA-0E95-5CFA-C14D66AE7E55</generatorID>
<ownerDesignName>assignment 1B logic model</ownerDesignName>
<useDomainConstraints>false</useDomainConstraints>
<use>1</use>
<logicalDatatype>LOGDT019</logicalDatatype>
<dataTypePrecision>10</dataTypePrecision>
<ownDataTypeParameters>,,</ownDataTypeParameters>
<previousColumn>false</previousColumn>
<autoIncrementCycle>false</autoIncrementCycle>
<associations>
<colAssociation fkAssociation="EE7DEDC2-EA2A-E567-C3E4-A03CD54F9A22" referredColumn="B67E37A2-09C0-1592-1F39-1F4EF0705AA1"/>
</associations>
</Column>
</columns>
<indexes itemClass="oracle.dbtools.crest.model.design.relational.Index">
<ind_PK_UK id="1170FD34-73AB-703C-C418-42FA023D3E7E" name="BIN_TYPE_PK">
<createdBy>student</createdBy>
<createdTime>2023-05-02 10:29:31 UTC</createdTime>
<generatorID>6A746AA2-96DF-61EE-FE1E-C06E75E7C808</generatorID>
<ownerDesignName>assignment 1B logic model</ownerDesignName>
<pk>true</pk>
<indexState>Primary Constraint</indexState>
<isSurrogateKey>false</isSurrogateKey>
<indexColumnUsage>
<colUsage columnID="B1C31A79-557F-745E-9FA9-D9F15865E92A"/>
</indexColumnUsage>
</ind_PK_UK>
<ind_PK_UK id="B1D8F49B-C420-B0B3-3BD8-A74FB02F4DC1" name="WASTE_TYPE-BIN_TYPE">
<createdBy>student</createdBy>
<createdTime>2023-05-02 23:53:59 UTC</createdTime>
<generatorID>374DEF31-53CE-90C1-D08E-8D118EE2FFFF</generatorID>
<ownerDesignName>assignment 1B logic model</ownerDesignName>
<indexState>Foreign Key</indexState>
<isSurrogateKey>false</isSurrogateKey>
<indexColumnUsage>
<colUsage columnID="FEABB37A-F531-028C-BE51-93F13B6BB8D8"/>
</indexColumnUsage>
</ind_PK_UK>
</indexes>
</Table>
