<?xml version = '1.0' encoding = 'UTF-8'?>
<Table class="oracle.dbtools.crest.model.design.relational.Table" directorySegmentName="seg_0" id="903DAB9E-7DE7-684E-3226-43A89E6C7F3E" name="TRUCK">
<createdBy>student</createdBy>
<createdTime>2023-05-02 08:58:32 UTC</createdTime>
<generatorID>B3E5791F-70A4-E35F-E394-ADFCDAAF3457</generatorID>
<ownerDesignName>assignment 1B logic model</ownerDesignName>
<allowColumnReorder>false</allowColumnReorder>
<existDependencyGenerateInDDl>true</existDependencyGenerateInDDl>
<parsed>true</parsed>
<columns itemClass="oracle.dbtools.crest.model.design.relational.Column">
<Column name="truck_vin" id="41DEF44C-1D1A-F3F3-DD7A-A4255D89B013">
<createdBy>student</createdBy>
<createdTime>2023-05-02 08:58:32 UTC</createdTime>
<commentInRDBMS><![CDATA[Truck's vin]]></commentInRDBMS>
<generatorID>69A3A4E3-B55A-CF58-5C76-7B28BC3C4B6B</generatorID>
<ownerDesignName>assignment 1B logic model</ownerDesignName>
<useDomainConstraints>false</useDomainConstraints>
<use>1</use>
<logicalDatatype>LOGDT024</logicalDatatype>
<dataTypeSize>10</dataTypeSize>
<ownDataTypeParameters>10,,</ownDataTypeParameters>
<autoIncrementCycle>false</autoIncrementCycle>
</Column>
<Column name="truck_rego" id="41561914-0F9C-8B88-38B5-896E3B58F6EF">
<createdBy>student</createdBy>
<createdTime>2023-05-02 08:58:32 UTC</createdTime>
<commentInRDBMS><![CDATA[truck rego]]></commentInRDBMS>
<generatorID>44EBAFEE-0AC6-C636-E918-4402C07644E6</generatorID>
<ownerDesignName>assignment 1B logic model</ownerDesignName>
<useDomainConstraints>false</useDomainConstraints>
<use>1</use>
<logicalDatatype>LOGDT024</logicalDatatype>
<dataTypeSize>10</dataTypeSize>
<ownDataTypeParameters>10,,</ownDataTypeParameters>
<autoIncrementCycle>false</autoIncrementCycle>
</Column>
<Column name="truck_make" id="374F0053-35E1-B060-40C2-B95AF8F4EF74">
<createdBy>student</createdBy>
<createdTime>2023-05-02 08:58:32 UTC</createdTime>
<commentInRDBMS><![CDATA[The brand of truck]]></commentInRDBMS>
<generatorID>D36B0218-63C0-E7F2-8DB7-DDD7C45332CD</generatorID>
<ownerDesignName>assignment 1B logic model</ownerDesignName>
<nullsAllowed>true</nullsAllowed>
<useDomainConstraints>false</useDomainConstraints>
<use>1</use>
<logicalDatatype>LOGDT024</logicalDatatype>
<dataTypeSize>50</dataTypeSize>
<ownDataTypeParameters>50,,</ownDataTypeParameters>
<autoIncrementCycle>false</autoIncrementCycle>
</Column>
<Column name="truck_model" id="28780CF6-F119-ED0F-5EA5-1216D5E8E686">
<createdBy>student</createdBy>
<createdTime>2023-05-02 08:58:32 UTC</createdTime>
<commentInRDBMS><![CDATA[the model of truck]]></commentInRDBMS>
<generatorID>EAE6BE00-9696-6E30-C233-38DDE4AB4DCD</generatorID>
<ownerDesignName>assignment 1B logic model</ownerDesignName>
<useDomainConstraints>false</useDomainConstraints>
<use>1</use>
<logicalDatatype>LOGDT024</logicalDatatype>
<dataTypeSize>50</dataTypeSize>
<ownDataTypeParameters>50,,</ownDataTypeParameters>
<autoIncrementCycle>false</autoIncrementCycle>
</Column>
<Column name="truck_year" id="4E554C61-8838-8DED-55E9-D0621E39A6FC">
<createdBy>student</createdBy>
<createdTime>2023-05-02 08:58:32 UTC</createdTime>
<commentInRDBMS><![CDATA[The year of truck]]></commentInRDBMS>
<generatorID>DCB5C6ED-9D17-ADA8-0760-6899615EB57C</generatorID>
<ownerDesignName>assignment 1B logic model</ownerDesignName>
<useDomainConstraints>false</useDomainConstraints>
<use>1</use>
<logicalDatatype>LOGDT007</logicalDatatype>
<ownDataTypeParameters>,,</ownDataTypeParameters>
<autoIncrementCycle>false</autoIncrementCycle>
</Column>
</columns>
<indexes itemClass="oracle.dbtools.crest.model.design.relational.Index">
<ind_PK_UK id="1F879670-3BC4-9DD2-A0DA-40ADE8794C77" name="TRUCK_PK">
<createdBy>student</createdBy>
<createdTime>2023-05-02 08:58:32 UTC</createdTime>
<generatorID>C29E9765-2BDF-7D46-1D7D-0EEB061CC0CE</generatorID>
<ownerDesignName>assignment 1B logic model</ownerDesignName>
<pk>true</pk>
<indexState>Primary Constraint</indexState>
<isSurrogateKey>false</isSurrogateKey>
<indexColumnUsage>
<colUsage columnID="41DEF44C-1D1A-F3F3-DD7A-A4255D89B013"/>
</indexColumnUsage>
</ind_PK_UK>
</indexes>
</Table>
