<?xml version = '1.0' encoding = 'UTF-8'?>
<Table class="oracle.dbtools.crest.model.design.relational.Table" directorySegmentName="seg_0" id="AEC3B251-6EFF-FC89-AC8E-8902B46814C8" name="CONTRACT_BIN_SUPPLY">
<createdBy>student</createdBy>
<createdTime>2023-05-02 10:29:31 UTC</createdTime>
<generatorID>AB60458B-DBA9-217A-26CC-9F74B1BE32D0</generatorID>
<ownerDesignName>assignment 1B logic model</ownerDesignName>
<allowColumnReorder>false</allowColumnReorder>
<existDependencyGenerateInDDl>true</existDependencyGenerateInDDl>
<parsed>true</parsed>
<columns itemClass="oracle.dbtools.crest.model.design.relational.Column">
<Column name="cost_supply" id="B40BDC7B-2490-F00D-DE74-8464DDB2F03A">
<createdBy>student</createdBy>
<createdTime>2023-05-02 10:29:31 UTC</createdTime>
<commentInRDBMS><![CDATA[bin supply cost]]></commentInRDBMS>
<generatorID>5AE729F9-18AC-7A55-2678-824972BECE38</generatorID>
<ownerDesignName>assignment 1B logic model</ownerDesignName>
<useDomainConstraints>false</useDomainConstraints>
<use>1</use>
<logicalDatatype>LOGDT019</logicalDatatype>
<dataTypePrecision>10</dataTypePrecision>
<dataTypeScale>2</dataTypeScale>
<ownDataTypeParameters>,10,2</ownDataTypeParameters>
<autoIncrementCycle>false</autoIncrementCycle>
</Column>
<Column name="contra_no" id="01B6350A-4020-7805-2662-E33256B2F392">
<createdBy>student</createdBy>
<createdTime>2023-05-02 10:29:31 UTC</createdTime>
<commentInRDBMS><![CDATA[contract number]]></commentInRDBMS>
<generatorID>BA38A3B3-7E55-A71D-06EF-54EBD844B500</generatorID>
<ownerDesignName>assignment 1B logic model</ownerDesignName>
<useDomainConstraints>false</useDomainConstraints>
<use>1</use>
<logicalDatatype>LOGDT019</logicalDatatype>
<dataTypePrecision>10</dataTypePrecision>
<ownDataTypeParameters>,10,</ownDataTypeParameters>
<previousColumn>false</previousColumn>
<autoIncrementCycle>false</autoIncrementCycle>
<associations>
<colAssociation fkAssociation="CFEA8914-380E-B378-1355-774763C35021" referredColumn="05210A29-3737-F881-06EC-083C74F376B6"/>
</associations>
</Column>
<Column name="bin_size" id="FC03AC5E-8F55-C4BD-98B4-3EDD8D7BB756">
<createdBy>student</createdBy>
<createdTime>2023-05-02 10:29:31 UTC</createdTime>
<commentInRDBMS><![CDATA[the size of type of bin]]></commentInRDBMS>
<generatorID>7EF431D6-F1E8-A2FB-33B7-7F6FF2A4CF3D</generatorID>
<ownerDesignName>assignment 1B logic model</ownerDesignName>
<useDomainConstraints>false</useDomainConstraints>
<use>1</use>
<logicalDatatype>LOGDT019</logicalDatatype>
<dataTypePrecision>10</dataTypePrecision>
<dataTypeScale>2</dataTypeScale>
<ownDataTypeParameters>,10,2</ownDataTypeParameters>
<previousColumn>false</previousColumn>
<autoIncrementCycle>false</autoIncrementCycle>
<associations>
<colAssociation fkAssociation="86FB7ABB-F357-29AC-DD1B-FF952AA97F25" referredColumn="B1C31A79-557F-745E-9FA9-D9F15865E92A"/>
</associations>
</Column>
<Column name="waste_type_id" id="ADD1B243-3D17-E4A1-4418-BC9E723091E6">
<createdBy>student</createdBy>
<createdTime>2023-05-02 23:52:31 UTC</createdTime>
<commentInRDBMS><![CDATA[Waste type id ]]></commentInRDBMS>
<generatorID>FFBC2912-DB8D-5C2F-FA60-31E5EFA69100</generatorID>
<ownerDesignName>assignment 1B logic model</ownerDesignName>
<useDomainConstraints>false</useDomainConstraints>
<use>1</use>
<logicalDatatype>LOGDT019</logicalDatatype>
<ownDataTypeParameters>,,</ownDataTypeParameters>
<previousColumn>false</previousColumn>
<autoIncrementCycle>false</autoIncrementCycle>
</Column>
</columns>
<indexes itemClass="oracle.dbtools.crest.model.design.relational.Index">
<ind_PK_UK id="8ED49CD2-36EE-F23A-D084-ADE548C2A982" name="CONTRACT_BIN_SUPPL:Y_PK">
<createdBy>student</createdBy>
<createdTime>2023-05-02 10:29:31 UTC</createdTime>
<generatorID>F46DCE8F-7EB2-7F36-A59C-1A7E09BEF399</generatorID>
<ownerDesignName>assignment 1B logic model</ownerDesignName>
<pk>true</pk>
<indexState>Primary Constraint</indexState>
<isSurrogateKey>false</isSurrogateKey>
<indexColumnUsage>
<colUsage columnID="01B6350A-4020-7805-2662-E33256B2F392"/>
</indexColumnUsage>
</ind_PK_UK>
<ind_PK_UK id="C627E573-425E-AD36-9EBA-70F05BDC4ABD" name="CONTRACT_BIN_SUPPLY-BIN_TYPE">
<createdBy>student</createdBy>
<createdTime>2023-05-02 10:29:31 UTC</createdTime>
<generatorID>67355923-F160-CD83-3E0C-515B9DF42773</generatorID>
<ownerDesignName>assignment 1B logic model</ownerDesignName>
<indexState>Foreign Key</indexState>
<isSurrogateKey>false</isSurrogateKey>
<indexColumnUsage>
<colUsage columnID="FC03AC5E-8F55-C4BD-98B4-3EDD8D7BB756"/>
</indexColumnUsage>
</ind_PK_UK>
<ind_PK_UK id="55FFCB85-6941-43A0-E62F-889B7338B665" name="CONTRACT-CONTRACT_SUPPLY">
<createdBy>student</createdBy>
<createdTime>2023-05-02 10:29:31 UTC</createdTime>
<generatorID>6CD250D2-BB6B-0037-B65A-0AFB93CFC027</generatorID>
<ownerDesignName>assignment 1B logic model</ownerDesignName>
<indexState>Foreign Key</indexState>
<isSurrogateKey>false</isSurrogateKey>
<indexColumnUsage>
<colUsage columnID="01B6350A-4020-7805-2662-E33256B2F392"/>
</indexColumnUsage>
</ind_PK_UK>
</indexes>
</Table>
