<?xml version = '1.0' encoding = 'UTF-8'?>
<Table class="oracle.dbtools.crest.model.design.relational.Table" directorySegmentName="seg_0" id="B6FD4CB2-22A7-6014-9755-61860B0CFACC" name="DRIVER">
<createdBy>student</createdBy>
<createdTime>2023-05-02 08:58:32 UTC</createdTime>
<generatorID>FE2BBAA6-342D-D453-A399-E8E12E9EBB15</generatorID>
<ownerDesignName>assignment 1B logic model</ownerDesignName>
<allowColumnReorder>false</allowColumnReorder>
<existDependencyGenerateInDDl>true</existDependencyGenerateInDDl>
<parsed>true</parsed>
<columns itemClass="oracle.dbtools.crest.model.design.relational.Column">
<Column name="driver_no" id="3466ECBF-33C6-C1E5-CD2A-F07276F10659">
<createdBy>student</createdBy>
<createdTime>2023-05-02 08:58:32 UTC</createdTime>
<commentInRDBMS><![CDATA[Driver number]]></commentInRDBMS>
<generatorID>68FFD5F5-29D1-3AA4-3A4C-6A55043DE33E</generatorID>
<ownerDesignName>assignment 1B logic model</ownerDesignName>
<useDomainConstraints>false</useDomainConstraints>
<use>1</use>
<logicalDatatype>LOGDT019</logicalDatatype>
<dataTypePrecision>10</dataTypePrecision>
<ownDataTypeParameters>,10,</ownDataTypeParameters>
<autoIncrementCycle>false</autoIncrementCycle>
</Column>
<Column name="driver_licen_no" id="C6B3A0C8-D7BD-8D56-27AD-87CE69B96B66">
<createdBy>student</createdBy>
<createdTime>2023-05-02 08:58:32 UTC</createdTime>
<commentInRDBMS><![CDATA[Driver licence number]]></commentInRDBMS>
<generatorID>3BBA2E0B-FE74-73BF-984A-C4EBB66843EB</generatorID>
<ownerDesignName>assignment 1B logic model</ownerDesignName>
<useDomainConstraints>false</useDomainConstraints>
<use>1</use>
<logicalDatatype>LOGDT019</logicalDatatype>
<dataTypePrecision>10</dataTypePrecision>
<ownDataTypeParameters>,10,</ownDataTypeParameters>
<autoIncrementCycle>false</autoIncrementCycle>
</Column>
<Column name="driver_name" id="69A3F339-5B03-3E3A-3FDD-5ECB91526DEB">
<createdBy>student</createdBy>
<createdTime>2023-05-02 08:58:32 UTC</createdTime>
<commentInRDBMS><![CDATA[driver's name ]]></commentInRDBMS>
<generatorID>81B1A2F2-F6FF-2F34-1243-013F0E99AE60</generatorID>
<ownerDesignName>assignment 1B logic model</ownerDesignName>
<useDomainConstraints>false</useDomainConstraints>
<use>1</use>
<logicalDatatype>LOGDT024</logicalDatatype>
<dataTypeSize>50</dataTypeSize>
<ownDataTypeParameters>50,,</ownDataTypeParameters>
<autoIncrementCycle>false</autoIncrementCycle>
</Column>
<Column name="driver_dob" id="3FF40DA1-D0EF-FA2E-1C9A-1135F38D1FD8">
<createdBy>student</createdBy>
<createdTime>2023-05-02 08:58:32 UTC</createdTime>
<commentInRDBMS><![CDATA[driver's date of birth]]></commentInRDBMS>
<generatorID>1B7A8758-9FCD-9781-4479-68FAEBE306E0</generatorID>
<ownerDesignName>assignment 1B logic model</ownerDesignName>
<useDomainConstraints>false</useDomainConstraints>
<use>1</use>
<logicalDatatype>LOGDT007</logicalDatatype>
<ownDataTypeParameters>,,</ownDataTypeParameters>
<autoIncrementCycle>false</autoIncrementCycle>
</Column>
<Column name="driver_tfn" id="FE6206E8-7E7A-4AFC-ED4A-7C2DF36950C5">
<createdBy>student</createdBy>
<createdTime>2023-05-02 08:58:32 UTC</createdTime>
<commentInRDBMS><![CDATA[driver's texfile number]]></commentInRDBMS>
<generatorID>2EAA2BF0-4A23-164F-AD55-814BA22590C0</generatorID>
<ownerDesignName>assignment 1B logic model</ownerDesignName>
<useDomainConstraints>false</useDomainConstraints>
<use>1</use>
<logicalDatatype>LOGDT019</logicalDatatype>
<dataTypePrecision>10</dataTypePrecision>
<ownDataTypeParameters>,10,</ownDataTypeParameters>
<autoIncrementCycle>false</autoIncrementCycle>
</Column>
<Column name="driver_phone" id="FD244DB3-CED0-4D38-3F62-B9CF27AA46FE">
<createdBy>student</createdBy>
<createdTime>2023-05-02 08:58:32 UTC</createdTime>
<commentInRDBMS><![CDATA[driver's phone number]]></commentInRDBMS>
<generatorID>CBD652E3-B8C3-35B9-F600-1ED09BBA1061</generatorID>
<ownerDesignName>assignment 1B logic model</ownerDesignName>
<nullsAllowed>true</nullsAllowed>
<useDomainConstraints>false</useDomainConstraints>
<use>1</use>
<logicalDatatype>LOGDT025</logicalDatatype>
<dataTypeSize>10</dataTypeSize>
<ownDataTypeParameters>10,,</ownDataTypeParameters>
<autoIncrementCycle>false</autoIncrementCycle>
</Column>
</columns>
<indexes itemClass="oracle.dbtools.crest.model.design.relational.Index">
<ind_PK_UK id="CE5AF890-2727-BD5C-4EA8-DB87063B9724" name="DRIVER_PK">
<createdBy>student</createdBy>
<createdTime>2023-05-02 08:58:32 UTC</createdTime>
<generatorID>9A2FE6E1-71E7-D840-97D4-95F73C0CCE2E</generatorID>
<ownerDesignName>assignment 1B logic model</ownerDesignName>
<pk>true</pk>
<indexState>Primary Constraint</indexState>
<isSurrogateKey>false</isSurrogateKey>
<indexColumnUsage>
<colUsage columnID="3466ECBF-33C6-C1E5-CD2A-F07276F10659"/>
</indexColumnUsage>
</ind_PK_UK>
</indexes>
</Table>
