<?xml version = '1.0' encoding = 'UTF-8'?>
<Table class="oracle.dbtools.crest.model.design.relational.Table" directorySegmentName="seg_0" id="B9C7BB83-7A7C-442B-032F-FC032CC33DA3" name="APPROVE">
<createdBy>student</createdBy>
<createdTime>2023-05-02 10:29:31 UTC</createdTime>
<generatorID>DE6FBE97-E4F7-273C-CC81-AF112CFA0BB2</generatorID>
<ownerDesignName>assignment 1B logic model</ownerDesignName>
<allowColumnReorder>false</allowColumnReorder>
<existDependencyGenerateInDDl>true</existDependencyGenerateInDDl>
<parsed>true</parsed>
<columns itemClass="oracle.dbtools.crest.model.design.relational.Column">
<Column name="ap_no" id="AAACB88C-A61D-3A7C-D456-0DC4E208AD4F">
<createdBy>student</createdBy>
<createdTime>2023-05-02 10:29:31 UTC</createdTime>
<commentInRDBMS><![CDATA[surrogate key of approve]]></commentInRDBMS>
<generatorID>EB5C2EEA-AE12-ADBA-F362-DEB19066EEE0</generatorID>
<ownerDesignName>assignment 1B logic model</ownerDesignName>
<useDomainConstraints>false</useDomainConstraints>
<use>1</use>
<logicalDatatype>LOGDT019</logicalDatatype>
<dataTypePrecision>10</dataTypePrecision>
<ownDataTypeParameters>,10,</ownDataTypeParameters>
<autoIncrementCycle>false</autoIncrementCycle>
</Column>
<Column name="approve_date" id="B989D9BC-5FD0-E99B-1E2D-B000EEA2C17B">
<createdBy>student</createdBy>
<createdTime>2023-05-02 10:29:31 UTC</createdTime>
<commentInRDBMS><![CDATA[The date of approved ]]></commentInRDBMS>
<generatorID>5969BAE0-D1B8-FF46-660D-7ED37CEE6F4D</generatorID>
<ownerDesignName>assignment 1B logic model</ownerDesignName>
<nullsAllowed>true</nullsAllowed>
<useDomainConstraints>false</useDomainConstraints>
<use>1</use>
<logicalDatatype>LOGDT007</logicalDatatype>
<ownDataTypeParameters>,,</ownDataTypeParameters>
<autoIncrementCycle>false</autoIncrementCycle>
</Column>
<Column name="truck_vin" id="63E1C406-F493-899E-1EE3-ABA2C761ED70">
<createdBy>student</createdBy>
<createdTime>2023-05-02 10:29:31 UTC</createdTime>
<commentInRDBMS><![CDATA[Truck's vin]]></commentInRDBMS>
<generatorID>6B76D5AD-F34D-A75B-2827-C2EE53181F4A</generatorID>
<ownerDesignName>assignment 1B logic model</ownerDesignName>
<useDomainConstraints>false</useDomainConstraints>
<use>1</use>
<logicalDatatype>LOGDT024</logicalDatatype>
<dataTypeSize>10</dataTypeSize>
<ownDataTypeParameters>10,,</ownDataTypeParameters>
<previousColumn>false</previousColumn>
<autoIncrementCycle>false</autoIncrementCycle>
<associations>
<colAssociation fkAssociation="31CC6A07-988F-3AD4-56F1-B07F2C39D1BE" referredColumn="41DEF44C-1D1A-F3F3-DD7A-A4255D89B013"/>
</associations>
</Column>
<Column name="driver_no" id="55B5DFEE-A06E-C82D-F539-F9FB1DEC33F6">
<createdBy>student</createdBy>
<createdTime>2023-05-02 10:29:31 UTC</createdTime>
<commentInRDBMS><![CDATA[Driver number]]></commentInRDBMS>
<generatorID>F2E7953D-59C9-31B1-E872-115973371915</generatorID>
<ownerDesignName>assignment 1B logic model</ownerDesignName>
<useDomainConstraints>false</useDomainConstraints>
<use>1</use>
<logicalDatatype>LOGDT019</logicalDatatype>
<dataTypePrecision>10</dataTypePrecision>
<ownDataTypeParameters>,10,</ownDataTypeParameters>
<previousColumn>false</previousColumn>
<autoIncrementCycle>false</autoIncrementCycle>
<associations>
<colAssociation fkAssociation="B98069C1-BBC5-8972-CF60-0A7D3EEF87B9" referredColumn="3466ECBF-33C6-C1E5-CD2A-F07276F10659"/>
</associations>
</Column>
</columns>
<indexes itemClass="oracle.dbtools.crest.model.design.relational.Index">
<ind_PK_UK id="F06B300A-4344-FC86-2AE4-6A6F1EEBBCCC" name="APPROVE_PK">
<createdBy>student</createdBy>
<createdTime>2023-05-02 10:29:31 UTC</createdTime>
<generatorID>12892E1D-59A0-A09B-B243-8C9AEA5F921F</generatorID>
<ownerDesignName>assignment 1B logic model</ownerDesignName>
<pk>true</pk>
<indexState>Primary Constraint</indexState>
<isSurrogateKey>false</isSurrogateKey>
<indexColumnUsage>
<colUsage columnID="AAACB88C-A61D-3A7C-D456-0DC4E208AD4F"/>
</indexColumnUsage>
</ind_PK_UK>
<ind_PK_UK id="5C903E79-0B9E-785C-09A9-6B8F843D6C5D" name="Approve_nk">
<createdBy>student</createdBy>
<createdTime>2023-05-02 10:29:31 UTC</createdTime>
<generatorID>7FBC5D77-B50C-AD8D-C116-B03ECC9C4390</generatorID>
<ownerDesignName>assignment 1B logic model</ownerDesignName>
<indexState>Unique Constraint</indexState>
<isSurrogateKey>false</isSurrogateKey>
<indexColumnUsage>
<colUsage columnID="B989D9BC-5FD0-E99B-1E2D-B000EEA2C17B"/>
<colUsage columnID="63E1C406-F493-899E-1EE3-ABA2C761ED70"/>
<colUsage columnID="55B5DFEE-A06E-C82D-F539-F9FB1DEC33F6"/>
</indexColumnUsage>
</ind_PK_UK>
<ind_PK_UK id="BFC1DE7D-14A1-C86E-8404-F1EA7728F3E6" name="APPROVE__IDX">
<createdBy>student</createdBy>
<createdTime>2023-05-02 10:29:31 UTC</createdTime>
<ownerDesignName>assignment 1B logic model</ownerDesignName>
<indexState>Unique Plain Index</indexState>
<isSurrogateKey>false</isSurrogateKey>
<relationGeneratorID>85D57D47-CB3D-EC84-9900-80E5D2158784</relationGeneratorID>
<indexColumnUsage>
<colUsage columnID="55B5DFEE-A06E-C82D-F539-F9FB1DEC33F6"/>
</indexColumnUsage>
</ind_PK_UK>
<ind_PK_UK id="893E50F5-C80C-FEA8-D75C-1A2ABF9B2D47" name="DRIVER-APPROVE">
<createdBy>student</createdBy>
<createdTime>2023-05-02 10:29:31 UTC</createdTime>
<generatorID>85D57D47-CB3D-EC84-9900-80E5D2158784</generatorID>
<ownerDesignName>assignment 1B logic model</ownerDesignName>
<indexState>Foreign Key</indexState>
<isSurrogateKey>false</isSurrogateKey>
<indexColumnUsage>
<colUsage columnID="55B5DFEE-A06E-C82D-F539-F9FB1DEC33F6"/>
</indexColumnUsage>
</ind_PK_UK>
<ind_PK_UK id="AF5CE847-59B4-61FB-5C0B-C0B56A03FD8B" name="TRUCK_APPROVE">
<createdBy>student</createdBy>
<createdTime>2023-05-02 10:29:31 UTC</createdTime>
<generatorID>A1AE2282-8370-5C9F-A6D9-DE8EE0FFD8AC</generatorID>
<ownerDesignName>assignment 1B logic model</ownerDesignName>
<indexState>Foreign Key</indexState>
<isSurrogateKey>false</isSurrogateKey>
<indexColumnUsage>
<colUsage columnID="63E1C406-F493-899E-1EE3-ABA2C761ED70"/>
</indexColumnUsage>
</ind_PK_UK>
</indexes>
</Table>
