<?xml version = '1.0' encoding = 'UTF-8'?>
<Table class="oracle.dbtools.crest.model.design.relational.Table" directorySegmentName="seg_0" id="BF6095F5-530E-1B14-80E8-DCF6F6DFC07B" name="CONTRACT_COLLECTION">
<createdBy>student</createdBy>
<createdTime>2023-05-02 10:29:31 UTC</createdTime>
<generatorID>E317B8C8-A34B-9689-C8B7-1BE03C100CAD</generatorID>
<ownerDesignName>assignment 1B logic model</ownerDesignName>
<allowColumnReorder>false</allowColumnReorder>
<existDependencyGenerateInDDl>true</existDependencyGenerateInDDl>
<parsed>true</parsed>
<columns itemClass="oracle.dbtools.crest.model.design.relational.Column">
<Column name="collect_cost" id="5D579231-9648-61D9-60BA-657D5A03C320">
<createdBy>student</createdBy>
<createdTime>2023-05-02 10:29:31 UTC</createdTime>
<commentInRDBMS><![CDATA[The waste collection cost]]></commentInRDBMS>
<generatorID>FE2B5BFC-7116-8806-C04B-133BBAB9F85E</generatorID>
<ownerDesignName>assignment 1B logic model</ownerDesignName>
<useDomainConstraints>false</useDomainConstraints>
<use>1</use>
<logicalDatatype>LOGDT019</logicalDatatype>
<dataTypePrecision>10</dataTypePrecision>
<dataTypeScale>2</dataTypeScale>
<ownDataTypeParameters>,10,2</ownDataTypeParameters>
<autoIncrementCycle>false</autoIncrementCycle>
</Column>
<Column name="contra_no" id="6CC8FE8C-AFEE-EEF4-2F5E-00EA4EB2E601">
<createdBy>student</createdBy>
<createdTime>2023-05-02 10:29:31 UTC</createdTime>
<commentInRDBMS><![CDATA[contract number]]></commentInRDBMS>
<generatorID>29D88D32-3D2A-DA1D-6FAB-652E527CD379</generatorID>
<ownerDesignName>assignment 1B logic model</ownerDesignName>
<useDomainConstraints>false</useDomainConstraints>
<use>1</use>
<logicalDatatype>LOGDT019</logicalDatatype>
<dataTypePrecision>10</dataTypePrecision>
<ownDataTypeParameters>,10,</ownDataTypeParameters>
<previousColumn>false</previousColumn>
<autoIncrementCycle>false</autoIncrementCycle>
<associations>
<colAssociation fkAssociation="FC5731B5-A508-6353-6614-D145A1BDF394" referredColumn="05210A29-3737-F881-06EC-083C74F376B6"/>
</associations>
</Column>
<Column name="waste_type_id" id="CDB61642-74B1-B5EB-1C53-F3EE8DD2CC84">
<createdBy>student</createdBy>
<createdTime>2023-05-02 10:29:31 UTC</createdTime>
<commentInRDBMS><![CDATA[Waste type id ]]></commentInRDBMS>
<generatorID>3D0E7FFE-DA6C-A9C3-10E2-286987EB6494</generatorID>
<ownerDesignName>assignment 1B logic model</ownerDesignName>
<useDomainConstraints>false</useDomainConstraints>
<use>1</use>
<logicalDatatype>LOGDT019</logicalDatatype>
<dataTypePrecision>10</dataTypePrecision>
<ownDataTypeParameters>,10,</ownDataTypeParameters>
<previousColumn>false</previousColumn>
<autoIncrementCycle>false</autoIncrementCycle>
</Column>
<Column name="collection_date" id="C79A8481-6B3F-07FB-A43F-D8146F0EA02D">
<createdBy>student</createdBy>
<createdTime>2023-05-02 10:29:31 UTC</createdTime>
<commentInRDBMS><![CDATA[bin collection date ]]></commentInRDBMS>
<generatorID>F0BDEEE0-65DB-03D9-5B5A-81023CD15440</generatorID>
<ownerDesignName>assignment 1B logic model</ownerDesignName>
<useDomainConstraints>false</useDomainConstraints>
<use>1</use>
<logicalDatatype>LOGDT007</logicalDatatype>
<ownDataTypeParameters>,,</ownDataTypeParameters>
<autoIncrementCycle>false</autoIncrementCycle>
</Column>
<Column name="driver_phone" id="AD414C2D-5FA2-D090-73BC-AC16ABEEBB56">
<createdBy>student</createdBy>
<createdTime>2023-05-02 10:29:31 UTC</createdTime>
<commentInRDBMS><![CDATA[driver's phone number]]></commentInRDBMS>
<generatorID>48FD5FC6-C7B6-AC03-572C-DF6FA0297DA8</generatorID>
<ownerDesignName>assignment 1B logic model</ownerDesignName>
<nullsAllowed>true</nullsAllowed>
<useDomainConstraints>false</useDomainConstraints>
<use>1</use>
<logicalDatatype>LOGDT025</logicalDatatype>
<dataTypeSize>10</dataTypeSize>
<ownDataTypeParameters>10,,</ownDataTypeParameters>
<autoIncrementCycle>false</autoIncrementCycle>
</Column>
<Column name="truck_vin" id="37205582-DFBC-F35F-3A83-F8F645908E25">
<createdBy>student</createdBy>
<createdTime>2023-05-02 10:29:31 UTC</createdTime>
<commentInRDBMS><![CDATA[Truck's vin]]></commentInRDBMS>
<generatorID>F5549E9C-1F7F-AEC6-76E2-F118AEC11270</generatorID>
<ownerDesignName>assignment 1B logic model</ownerDesignName>
<useDomainConstraints>false</useDomainConstraints>
<use>1</use>
<logicalDatatype>LOGDT024</logicalDatatype>
<dataTypeSize>10</dataTypeSize>
<ownDataTypeParameters>10,,</ownDataTypeParameters>
<previousColumn>false</previousColumn>
<autoIncrementCycle>false</autoIncrementCycle>
<associations>
<colAssociation fkAssociation="C2718078-3443-8BCE-DE2C-12F57D18718E" referredColumn="41DEF44C-1D1A-F3F3-DD7A-A4255D89B013"/>
</associations>
</Column>
<Column name="driver_no" id="B81757D5-AE77-9737-4491-E0F2470E91AD">
<createdBy>student</createdBy>
<createdTime>2023-05-02 10:29:31 UTC</createdTime>
<commentInRDBMS><![CDATA[Driver number]]></commentInRDBMS>
<generatorID>EA36D43F-BB76-09D5-235B-EB3139678D98</generatorID>
<ownerDesignName>assignment 1B logic model</ownerDesignName>
<useDomainConstraints>false</useDomainConstraints>
<use>1</use>
<logicalDatatype>LOGDT019</logicalDatatype>
<dataTypePrecision>10</dataTypePrecision>
<ownDataTypeParameters>,10,</ownDataTypeParameters>
<previousColumn>false</previousColumn>
<autoIncrementCycle>false</autoIncrementCycle>
<associations>
<colAssociation fkAssociation="94EE16ED-0CC4-1B76-CD95-B41552FF3FFA" referredColumn="3466ECBF-33C6-C1E5-CD2A-F07276F10659"/>
</associations>
</Column>
<Column name="ct.no" id="8220CD04-2665-83FC-B5AE-21DC45B14063">
<createdBy>student</createdBy>
<createdTime>2023-05-02 23:52:31 UTC</createdTime>
<commentInRDBMS><![CDATA[collection surrogate key]]></commentInRDBMS>
<generatorID>84160C33-E2CA-20FA-CA08-B9674F931FCA</generatorID>
<ownerDesignName>assignment 1B logic model</ownerDesignName>
<useDomainConstraints>false</useDomainConstraints>
<use>1</use>
<logicalDatatype>LOGDT019</logicalDatatype>
<dataTypePrecision>10</dataTypePrecision>
<ownDataTypeParameters>,10,</ownDataTypeParameters>
<autoIncrementCycle>false</autoIncrementCycle>
</Column>
<Column name="waste_type_id1" id="BF225F14-AE2F-B415-8712-3700BCE0814A">
<createdBy>student</createdBy>
<createdTime>2023-05-02 23:52:31 UTC</createdTime>
<commentInRDBMS><![CDATA[Waste type id ]]></commentInRDBMS>
<generatorID>F8DC697B-75B2-BE59-FAA2-121040EBFDE2</generatorID>
<ownerDesignName>assignment 1B logic model</ownerDesignName>
<useDomainConstraints>false</useDomainConstraints>
<use>1</use>
<logicalDatatype>LOGDT019</logicalDatatype>
<dataTypePrecision>10</dataTypePrecision>
<ownDataTypeParameters>,,</ownDataTypeParameters>
<previousColumn>false</previousColumn>
<autoIncrementCycle>false</autoIncrementCycle>
<associations>
<colAssociation fkAssociation="97B5360F-D962-803E-0560-FA225803A40B" referredColumn="B67E37A2-09C0-1592-1F39-1F4EF0705AA1"/>
</associations>
</Column>
</columns>
<indexes itemClass="oracle.dbtools.crest.model.design.relational.Index">
<ind_PK_UK id="6DDD2D0A-F5E6-6D8A-E61F-4C4287255353" name="CONTRACT_COLLECTION_COST_PK">
<createdBy>student</createdBy>
<createdTime>2023-05-02 10:29:31 UTC</createdTime>
<generatorID>8DA78BD2-B95A-389E-559C-AD0B7933256D</generatorID>
<ownerDesignName>assignment 1B logic model</ownerDesignName>
<pk>true</pk>
<indexState>Primary Constraint</indexState>
<isSurrogateKey>false</isSurrogateKey>
<indexColumnUsage>
<colUsage columnID="6CC8FE8C-AFEE-EEF4-2F5E-00EA4EB2E601"/>
<colUsage columnID="CDB61642-74B1-B5EB-1C53-F3EE8DD2CC84"/>
<colUsage columnID="C79A8481-6B3F-07FB-A43F-D8146F0EA02D"/>
</indexColumnUsage>
</ind_PK_UK>
<ind_PK_UK id="64617794-28AE-5AF5-2719-9D80BA650483" name="collection_no_nk">
<createdBy>student</createdBy>
<createdTime>2023-05-02 23:52:31 UTC</createdTime>
<generatorID>8CEB120D-304E-3642-53D4-52C7CBD99729</generatorID>
<ownerDesignName>assignment 1B logic model</ownerDesignName>
<indexState>Unique Constraint</indexState>
<isSurrogateKey>false</isSurrogateKey>
<indexColumnUsage>
<colUsage columnID="6CC8FE8C-AFEE-EEF4-2F5E-00EA4EB2E601"/>
<colUsage columnID="C79A8481-6B3F-07FB-A43F-D8146F0EA02D"/>
<colUsage columnID="BF225F14-AE2F-B415-8712-3700BCE0814A"/>
</indexColumnUsage>
</ind_PK_UK>
<ind_PK_UK id="697E35B3-F847-EE6E-E893-6B1D059391AC" name="CONTRACT_COLLECTION__IDX">
<createdBy>student</createdBy>
<createdTime>2023-05-02 10:29:31 UTC</createdTime>
<ownerDesignName>assignment 1B logic model</ownerDesignName>
<indexState>Unique Plain Index</indexState>
<isSurrogateKey>false</isSurrogateKey>
<relationGeneratorID>B2F6D44E-EA21-F641-3FB2-2D9014C5AFE2</relationGeneratorID>
<indexColumnUsage>
<colUsage columnID="B81757D5-AE77-9737-4491-E0F2470E91AD"/>
</indexColumnUsage>
</ind_PK_UK>
<ind_PK_UK id="C57041BC-6B77-438C-23C3-947BBAE80F2C" name="CONTRACT_COLLECTION__IDXv1">
<createdBy>student</createdBy>
<createdTime>2023-05-02 10:29:31 UTC</createdTime>
<ownerDesignName>assignment 1B logic model</ownerDesignName>
<indexState>Unique Plain Index</indexState>
<isSurrogateKey>false</isSurrogateKey>
<relationGeneratorID>1DC638E3-BA0A-9092-1E69-19E89F2A2828</relationGeneratorID>
<indexColumnUsage>
<colUsage columnID="37205582-DFBC-F35F-3A83-F8F645908E25"/>
</indexColumnUsage>
</ind_PK_UK>
<ind_PK_UK id="9772B7D6-F49E-FDD1-5E54-D57030937B4D" name="CONTRACT-CONTRACT_COLLECTION">
<createdBy>student</createdBy>
<createdTime>2023-05-02 10:29:31 UTC</createdTime>
<generatorID>2D7F4FB6-8D18-7E61-6A03-06484873F3D7</generatorID>
<ownerDesignName>assignment 1B logic model</ownerDesignName>
<indexState>Foreign Key</indexState>
<isSurrogateKey>false</isSurrogateKey>
<indexColumnUsage>
<colUsage columnID="6CC8FE8C-AFEE-EEF4-2F5E-00EA4EB2E601"/>
</indexColumnUsage>
</ind_PK_UK>
<ind_PK_UK id="492831A3-AE54-454C-E13C-C98533EAB47B" name="DRIVER-CONTRACT">
<createdBy>student</createdBy>
<createdTime>2023-05-02 10:29:31 UTC</createdTime>
<generatorID>B2F6D44E-EA21-F641-3FB2-2D9014C5AFE2</generatorID>
<ownerDesignName>assignment 1B logic model</ownerDesignName>
<indexState>Foreign Key</indexState>
<isSurrogateKey>false</isSurrogateKey>
<indexColumnUsage>
<colUsage columnID="B81757D5-AE77-9737-4491-E0F2470E91AD"/>
</indexColumnUsage>
</ind_PK_UK>
<ind_PK_UK id="FDA5271A-DF21-25F4-E452-93A217954C3D" name="TRUCK-CONTRACT_COLLECTION">
<createdBy>student</createdBy>
<createdTime>2023-05-02 10:29:31 UTC</createdTime>
<generatorID>1DC638E3-BA0A-9092-1E69-19E89F2A2828</generatorID>
<ownerDesignName>assignment 1B logic model</ownerDesignName>
<indexState>Foreign Key</indexState>
<isSurrogateKey>false</isSurrogateKey>
<indexColumnUsage>
<colUsage columnID="37205582-DFBC-F35F-3A83-F8F645908E25"/>
</indexColumnUsage>
</ind_PK_UK>
<ind_PK_UK id="8ED3256B-0FF7-D045-489A-A24A97135D98" name="WASTE_TYP-CONTRACT_COLLECTION">
<createdBy>student</createdBy>
<createdTime>2023-05-02 23:53:59 UTC</createdTime>
<generatorID>F0D083B1-9446-7BDD-77A9-AAB1BAEEAACE</generatorID>
<ownerDesignName>assignment 1B logic model</ownerDesignName>
<indexState>Foreign Key</indexState>
<isSurrogateKey>false</isSurrogateKey>
<indexColumnUsage>
<colUsage columnID="BF225F14-AE2F-B415-8712-3700BCE0814A"/>
</indexColumnUsage>
</ind_PK_UK>
</indexes>
</Table>
