<?xml version = '1.0' encoding = 'UTF-8'?>
<Table class="oracle.dbtools.crest.model.design.relational.Table" directorySegmentName="seg_0" id="D8718850-9909-D1D9-768F-54693E86514E" name="WASTE_TYPE">
<createdBy>student</createdBy>
<createdTime>2023-05-02 23:53:59 UTC</createdTime>
<generatorID>3CDD4004-01FF-60B6-DD49-1979A4156B8F</generatorID>
<ownerDesignName>assignment 1B logic model</ownerDesignName>
<allowColumnReorder>false</allowColumnReorder>
<existDependencyGenerateInDDl>true</existDependencyGenerateInDDl>
<parsed>true</parsed>
<columns itemClass="oracle.dbtools.crest.model.design.relational.Column">
<Column name="waste_type_id" id="B67E37A2-09C0-1592-1F39-1F4EF0705AA1">
<createdBy>student</createdBy>
<createdTime>2023-05-02 23:53:59 UTC</createdTime>
<commentInRDBMS><![CDATA[Waste type id ]]></commentInRDBMS>
<generatorID>EA1F5C66-FF66-A52A-D72D-7D5EC65688A2</generatorID>
<ownerDesignName>assignment 1B logic model</ownerDesignName>
<useDomainConstraints>false</useDomainConstraints>
<use>1</use>
<logicalDatatype>LOGDT019</logicalDatatype>
<dataTypePrecision>10</dataTypePrecision>
<ownDataTypeParameters>,10,</ownDataTypeParameters>
<autoIncrementCycle>false</autoIncrementCycle>
</Column>
<Column name="waste_type_descr" id="403032FA-65D7-1C45-A4EA-582357A7A890">
<createdBy>student</createdBy>
<createdTime>2023-05-02 23:53:59 UTC</createdTime>
<commentInRDBMS><![CDATA[waste type description]]></commentInRDBMS>
<generatorID>66FB0FB3-3587-0E48-636C-605245811CB4</generatorID>
<ownerDesignName>assignment 1B logic model</ownerDesignName>
<useDomainConstraints>false</useDomainConstraints>
<use>1</use>
<logicalDatatype>LOGDT024</logicalDatatype>
<dataTypeSize>50</dataTypeSize>
<ownDataTypeParameters>50,,</ownDataTypeParameters>
<autoIncrementCycle>false</autoIncrementCycle>
</Column>
</columns>
<indexes itemClass="oracle.dbtools.crest.model.design.relational.Index">
<ind_PK_UK id="24F0ED49-647B-BFBC-12C9-9505E17A8884" name="WASTE_TYPE_PK">
<createdBy>student</createdBy>
<createdTime>2023-05-02 23:53:59 UTC</createdTime>
<generatorID>51149FA2-853B-D0A5-373D-74E1D51F6038</generatorID>
<ownerDesignName>assignment 1B logic model</ownerDesignName>
<pk>true</pk>
<indexState>Primary Constraint</indexState>
<isSurrogateKey>false</isSurrogateKey>
<indexColumnUsage>
<colUsage columnID="B67E37A2-09C0-1592-1F39-1F4EF0705AA1"/>
</indexColumnUsage>
</ind_PK_UK>
</indexes>
</Table>
