<?xml version = '1.0' encoding = 'UTF-8'?>
<Table class="oracle.dbtools.crest.model.design.relational.Table" directorySegmentName="seg_0" id="DB768720-4DDF-5C50-5B24-7364F5D0FFAA" name="DRIVER-TRUCK">
<createdBy>student</createdBy>
<createdTime>2023-05-02 08:58:32 UTC</createdTime>
<ownerDesignName>assignment 1B logic model</ownerDesignName>
<allowColumnReorder>false</allowColumnReorder>
<existDependencyGenerateInDDl>true</existDependencyGenerateInDDl>
<parsed>true</parsed>
<columns itemClass="oracle.dbtools.crest.model.design.relational.Column">
<Column name="DRIVER_driver_no" id="55CA8292-AE07-8CBA-E84D-A80C34A8C377">
<createdBy>student</createdBy>
<createdTime>2023-05-02 08:58:32 UTC</createdTime>
<ownerDesignName>assignment 1B logic model</ownerDesignName>
<useDomainConstraints>false</useDomainConstraints>
<use>1</use>
<logicalDatatype>LOGDT019</logicalDatatype>
<dataTypePrecision>10</dataTypePrecision>
<ownDataTypeParameters>,,</ownDataTypeParameters>
<previousColumn>false</previousColumn>
<autoIncrementCycle>false</autoIncrementCycle>
<associations>
<colAssociation fkAssociation="16CFD886-72AE-4DB6-69DE-0A461307D9ED" referredColumn="3466ECBF-33C6-C1E5-CD2A-F07276F10659"/>
</associations>
</Column>
<Column name="TRUCK_truck_vin" id="FFC9D0DC-5CAA-53C8-BBAF-EAC8CC28FC41">
<createdBy>student</createdBy>
<createdTime>2023-05-02 08:58:32 UTC</createdTime>
<ownerDesignName>assignment 1B logic model</ownerDesignName>
<useDomainConstraints>false</useDomainConstraints>
<use>1</use>
<logicalDatatype>LOGDT024</logicalDatatype>
<dataTypeSize>10</dataTypeSize>
<ownDataTypeParameters>,,</ownDataTypeParameters>
<previousColumn>false</previousColumn>
<autoIncrementCycle>false</autoIncrementCycle>
<associations>
<colAssociation fkAssociation="D7E6FCC4-776E-23D7-ECAC-C5E46597CD00" referredColumn="41DEF44C-1D1A-F3F3-DD7A-A4255D89B013"/>
</associations>
</Column>
</columns>
<indexes itemClass="oracle.dbtools.crest.model.design.relational.Index">
<ind_PK_UK id="1941333B-6D0A-C0A5-41DB-3D496DDF204E" name="DRIVER-TRUCK_PK">
<createdBy>student</createdBy>
<createdTime>2023-05-02 08:58:32 UTC</createdTime>
<ownerDesignName>assignment 1B logic model</ownerDesignName>
<pk>true</pk>
<indexState>Primary Constraint</indexState>
<isSurrogateKey>false</isSurrogateKey>
<indexColumnUsage>
<colUsage columnID="55CA8292-AE07-8CBA-E84D-A80C34A8C377"/>
<colUsage columnID="FFC9D0DC-5CAA-53C8-BBAF-EAC8CC28FC41"/>
</indexColumnUsage>
</ind_PK_UK>
<ind_PK_UK id="64F3FC58-EF0E-623C-A000-6ACF077AC861" name="DRIVER-TRUCK_DRIVER_FK">
<createdBy>student</createdBy>
<createdTime>2023-05-02 08:58:32 UTC</createdTime>
<generatorID>C7CC9DE0-21D5-DB36-1112-4F578390FC1C</generatorID>
<ownerDesignName>assignment 1B logic model</ownerDesignName>
<indexState>Foreign Key</indexState>
<isSurrogateKey>false</isSurrogateKey>
<indexColumnUsage>
<colUsage columnID="55CA8292-AE07-8CBA-E84D-A80C34A8C377"/>
</indexColumnUsage>
</ind_PK_UK>
<ind_PK_UK id="F8E884AE-979A-07A5-745E-DECE0CA417A6" name="DRIVER-TRUCK_TRUCK_FK">
<createdBy>student</createdBy>
<createdTime>2023-05-02 08:58:32 UTC</createdTime>
<generatorID>C7CC9DE0-21D5-DB36-1112-4F578390FC1C</generatorID>
<ownerDesignName>assignment 1B logic model</ownerDesignName>
<indexState>Foreign Key</indexState>
<isSurrogateKey>false</isSurrogateKey>
<indexColumnUsage>
<colUsage columnID="FFC9D0DC-5CAA-53C8-BBAF-EAC8CC28FC41"/>
</indexColumnUsage>
</ind_PK_UK>
</indexes>
</Table>
