<?xml version = '1.0' encoding = 'UTF-8'?>
<Table class="oracle.dbtools.crest.model.design.relational.Table" directorySegmentName="seg_0" id="F1114C38-18F3-F2F0-36C3-68D9DEF8EFF5" name="CONTRACT">
<createdBy>student</createdBy>
<createdTime>2023-05-02 10:07:54 UTC</createdTime>
<generatorID>1E9656E1-105D-ED1D-B2AA-DBE7DDCDE3CC</generatorID>
<ownerDesignName>assignment 1B logic model</ownerDesignName>
<allowColumnReorder>false</allowColumnReorder>
<existDependencyGenerateInDDl>true</existDependencyGenerateInDDl>
<parsed>true</parsed>
<columns itemClass="oracle.dbtools.crest.model.design.relational.Column">
<Column name="contra_no" id="05210A29-3737-F881-06EC-083C74F376B6">
<createdBy>student</createdBy>
<createdTime>2023-05-02 10:07:54 UTC</createdTime>
<commentInRDBMS><![CDATA[contract number]]></commentInRDBMS>
<generatorID>6F8D9E2E-9C6E-DBC8-0C8A-191CAFE6D190</generatorID>
<ownerDesignName>assignment 1B logic model</ownerDesignName>
<useDomainConstraints>false</useDomainConstraints>
<use>1</use>
<logicalDatatype>LOGDT019</logicalDatatype>
<dataTypePrecision>10</dataTypePrecision>
<ownDataTypeParameters>,10,</ownDataTypeParameters>
<autoIncrementCycle>false</autoIncrementCycle>
</Column>
<Column name="contra_date_start" id="689EB30A-8156-2CAB-09D7-0681F02D6891">
<createdBy>student</createdBy>
<createdTime>2023-05-02 10:07:54 UTC</createdTime>
<commentInRDBMS><![CDATA[contract start date]]></commentInRDBMS>
<generatorID>9A3BDC54-F962-63F7-25D5-A087A4D636E7</generatorID>
<ownerDesignName>assignment 1B logic model</ownerDesignName>
<useDomainConstraints>false</useDomainConstraints>
<use>1</use>
<logicalDatatype>LOGDT007</logicalDatatype>
<ownDataTypeParameters>,,</ownDataTypeParameters>
<autoIncrementCycle>false</autoIncrementCycle>
</Column>
<Column name="contra_date_end" id="40DAFDA8-21C1-5C94-7DB4-41FB5DD66E7F">
<createdBy>student</createdBy>
<createdTime>2023-05-02 10:07:54 UTC</createdTime>
<commentInRDBMS><![CDATA[contract end date ]]></commentInRDBMS>
<generatorID>A2F248D3-1A57-4954-6C1D-72CAD67D1483</generatorID>
<ownerDesignName>assignment 1B logic model</ownerDesignName>
<useDomainConstraints>false</useDomainConstraints>
<use>1</use>
<logicalDatatype>LOGDT007</logicalDatatype>
<ownDataTypeParameters>,,</ownDataTypeParameters>
<autoIncrementCycle>false</autoIncrementCycle>
</Column>
<Column name="collection_frequency" id="8CED2D7D-1C61-592D-70C7-5B1AA51555EF">
<createdBy>student</createdBy>
<createdTime>2023-05-02 10:07:54 UTC</createdTime>
<commentInRDBMS><![CDATA[bin collection frequency]]></commentInRDBMS>
<generatorID>5BE1648E-CDDE-26AB-7D18-0CC1BB3726B9</generatorID>
<ownerDesignName>assignment 1B logic model</ownerDesignName>
<useDomainConstraints>false</useDomainConstraints>
<use>1</use>
<logicalDatatype>LOGDT019</logicalDatatype>
<dataTypePrecision>10</dataTypePrecision>
<ownDataTypeParameters>,10,</ownDataTypeParameters>
<autoIncrementCycle>false</autoIncrementCycle>
</Column>
<Column name="author_name" id="18C0E368-6A6C-4C53-005F-F93D45BA2B2F">
<createdBy>student</createdBy>
<createdTime>2023-05-02 10:07:54 UTC</createdTime>
<commentInRDBMS><![CDATA[The authority name ]]></commentInRDBMS>
<generatorID>4F69A9E6-C152-D919-1521-05B9F89417B8</generatorID>
<ownerDesignName>assignment 1B logic model</ownerDesignName>
<useDomainConstraints>false</useDomainConstraints>
<use>1</use>
<logicalDatatype>LOGDT024</logicalDatatype>
<dataTypeSize>30</dataTypeSize>
<ownDataTypeParameters>30,,</ownDataTypeParameters>
<previousColumn>false</previousColumn>
<autoIncrementCycle>false</autoIncrementCycle>
<associations>
<colAssociation fkAssociation="CC421BD1-E482-3790-663F-F97A3AF25527" referredColumn="141620AC-1027-5FF0-36AB-1FDC18CE79B0"/>
</associations>
</Column>
</columns>
<indexes itemClass="oracle.dbtools.crest.model.design.relational.Index">
<ind_PK_UK id="5CA79103-8C9C-B4D5-40A0-D551EE89CFEF" name="CONTRACT_PK">
<createdBy>student</createdBy>
<createdTime>2023-05-02 10:07:54 UTC</createdTime>
<generatorID>71C4382B-8FD9-B4FD-CBD7-80D755B70FB3</generatorID>
<ownerDesignName>assignment 1B logic model</ownerDesignName>
<pk>true</pk>
<indexState>Primary Constraint</indexState>
<isSurrogateKey>false</isSurrogateKey>
<indexColumnUsage>
<colUsage columnID="05210A29-3737-F881-06EC-083C74F376B6"/>
</indexColumnUsage>
</ind_PK_UK>
<ind_PK_UK id="A13DDCB9-DF52-A5DC-F29F-8464453CB260" name="AUTHORITY-CONTRACT">
<createdBy>student</createdBy>
<createdTime>2023-05-02 10:07:54 UTC</createdTime>
<generatorID>C8CD8576-4172-A6D8-4417-6D7FBC6DCC3C</generatorID>
<ownerDesignName>assignment 1B logic model</ownerDesignName>
<indexState>Foreign Key</indexState>
<isSurrogateKey>false</isSurrogateKey>
<indexColumnUsage>
<colUsage columnID="18C0E368-6A6C-4C53-005F-F93D45BA2B2F"/>
</indexColumnUsage>
</ind_PK_UK>
</indexes>
</Table>
