<?xml version = '1.0' encoding = 'UTF-8'?>
<Table class="oracle.dbtools.crest.model.design.relational.Table" directorySegmentName="seg_0" id="F5998A94-AE41-E0C3-E2EC-C3471AE9788F" name="AUTHORITY">
<createdBy>student</createdBy>
<createdTime>2023-04-30 14:44:19 UTC</createdTime>
<generatorID>837B9510-7785-CAFD-16AC-1F81BBD1B2D1</generatorID>
<ownerDesignName>assignment 1B logic model</ownerDesignName>
<allowColumnReorder>false</allowColumnReorder>
<existDependencyGenerateInDDl>true</existDependencyGenerateInDDl>
<parsed>true</parsed>
<columns itemClass="oracle.dbtools.crest.model.design.relational.Column">
<Column name="author_name" id="141620AC-1027-5FF0-36AB-1FDC18CE79B0">
<createdBy>student</createdBy>
<createdTime>2023-04-30 14:44:19 UTC</createdTime>
<commentInRDBMS><![CDATA[The authority name ]]></commentInRDBMS>
<generatorID>74ACD80D-41F7-AE7D-5841-AB2496BC822C</generatorID>
<ownerDesignName>assignment 1B logic model</ownerDesignName>
<useDomainConstraints>false</useDomainConstraints>
<use>1</use>
<logicalDatatype>LOGDT024</logicalDatatype>
<dataTypeSize>30</dataTypeSize>
<ownDataTypeParameters>30,,</ownDataTypeParameters>
<autoIncrementCycle>false</autoIncrementCycle>
</Column>
<Column name="author_ceo_fname" id="379ABB03-33CB-790F-E99A-13F9C82CC6A3">
<createdBy>student</createdBy>
<createdTime>2023-04-30 14:44:19 UTC</createdTime>
<commentInRDBMS><![CDATA[authority chief executive officer first name ]]></commentInRDBMS>
<generatorID>BED0823C-9EA4-153C-ED5C-CA6FBA32A02B</generatorID>
<ownerDesignName>assignment 1B logic model</ownerDesignName>
<useDomainConstraints>false</useDomainConstraints>
<use>1</use>
<logicalDatatype>LOGDT024</logicalDatatype>
<dataTypeSize>30</dataTypeSize>
<ownDataTypeParameters>30,,</ownDataTypeParameters>
<autoIncrementCycle>false</autoIncrementCycle>
</Column>
<Column name="author_ceo_lname" id="8E1ABF4D-B15C-821E-67FD-0CB2CDC42687">
<createdBy>student</createdBy>
<createdTime>2023-04-30 14:44:19 UTC</createdTime>
<commentInRDBMS><![CDATA[authority chief executive officer last name ]]></commentInRDBMS>
<generatorID>2AB58F29-9785-6C3C-3F22-AC0C2A9B7C05</generatorID>
<ownerDesignName>assignment 1B logic model</ownerDesignName>
<useDomainConstraints>false</useDomainConstraints>
<use>1</use>
<logicalDatatype>LOGDT024</logicalDatatype>
<dataTypeSize>30</dataTypeSize>
<ownDataTypeParameters>30,,</ownDataTypeParameters>
<autoIncrementCycle>false</autoIncrementCycle>
</Column>
<Column name="author_phone" id="DF8627BD-7B6B-F52D-420E-72E4D4CA34A8">
<createdBy>student</createdBy>
<createdTime>2023-04-30 14:44:19 UTC</createdTime>
<commentInRDBMS><![CDATA[authority phone number ]]></commentInRDBMS>
<generatorID>95ACDD48-EA2E-A488-B97E-67690A6338C9</generatorID>
<ownerDesignName>assignment 1B logic model</ownerDesignName>
<nullsAllowed>true</nullsAllowed>
<useDomainConstraints>false</useDomainConstraints>
<use>1</use>
<logicalDatatype>LOGDT025</logicalDatatype>
<dataTypeSize>10</dataTypeSize>
<ownDataTypeParameters>10,,</ownDataTypeParameters>
<autoIncrementCycle>false</autoIncrementCycle>
</Column>
<Column name="author_total_area" id="26AD09A6-68A0-9423-64CB-C833656CB17C">
<createdBy>student</createdBy>
<createdTime>2023-04-30 14:44:19 UTC</createdTime>
<commentInRDBMS><![CDATA[authority total area]]></commentInRDBMS>
<generatorID>B1D35644-AAF4-3E25-FD7F-51306E376AE3</generatorID>
<ownerDesignName>assignment 1B logic model</ownerDesignName>
<useDomainConstraints>false</useDomainConstraints>
<use>1</use>
<logicalDatatype>LOGDT019</logicalDatatype>
<dataTypePrecision>10</dataTypePrecision>
<dataTypeScale>2</dataTypeScale>
<ownDataTypeParameters>,10,2</ownDataTypeParameters>
<autoIncrementCycle>false</autoIncrementCycle>
</Column>
<Column name="author_street_area" id="BFCB22FB-D12A-CAD3-ED82-6F820CAF3791">
<createdBy>student</createdBy>
<createdTime>2023-04-30 14:44:19 UTC</createdTime>
<commentInRDBMS><![CDATA[street area ]]></commentInRDBMS>
<generatorID>106E1C51-44AB-F519-E25D-A5770AA8156C</generatorID>
<ownerDesignName>assignment 1B logic model</ownerDesignName>
<useDomainConstraints>false</useDomainConstraints>
<use>1</use>
<logicalDatatype>LOGDT019</logicalDatatype>
<dataTypePrecision>10</dataTypePrecision>
<dataTypeScale>2</dataTypeScale>
<ownDataTypeParameters>,10,2</ownDataTypeParameters>
<autoIncrementCycle>false</autoIncrementCycle>
</Column>
</columns>
<indexes itemClass="oracle.dbtools.crest.model.design.relational.Index">
<ind_PK_UK id="B4D6D233-FFD1-4FA7-E169-EA3B281BB92E" name="AUTHORITY_PK">
<createdBy>student</createdBy>
<createdTime>2023-04-30 14:44:19 UTC</createdTime>
<generatorID>7091404A-F7B4-E96E-C462-572EB356FCD1</generatorID>
<ownerDesignName>assignment 1B logic model</ownerDesignName>
<pk>true</pk>
<indexState>Primary Constraint</indexState>
<isSurrogateKey>false</isSurrogateKey>
<indexColumnUsage>
<colUsage columnID="141620AC-1027-5FF0-36AB-1FDC18CE79B0"/>
</indexColumnUsage>
</ind_PK_UK>
</indexes>
</Table>
