<?xml version = '1.0' encoding = 'UTF-8'?>
<Diagram class="oracle.dbtools.crest.swingui.relational.DPVRelational" name="Relational_1" id="423C6CAF-8C5F-73AA-A8A8-F57EA4739143">
<createdBy>student</createdBy>
<modifiedBy>student</modifiedBy>
<createdTime>2023-04-30 14:11:22 UTC</createdTime>
<autoRoute>false</autoRoute>
<boxInbox>true</boxInbox>
<showLegend>true</showLegend>
<showLabels>false</showLabels>
<showRelAttributes>false</showRelAttributes>
<gridEnabled>false</gridEnabled>
<showGrid>false</showGrid>
<diagramColor>-1</diagramColor>
<display>false</display>
<notation>1</notation>
<objectViews>
<OView class="oracle.dbtools.crest.swingui.relational.TVTable" oid="43677068-506C-B396-5C92-791D0CC36F14" otype="Table" vid="4DCA2BD0-1917-2017-D7CC-503F60773303">
<hideElementsInCurrentOnly>false</hideElementsInCurrentOnly>
<bounds x="751" y="156" width="276" height="139"/>
</OView>
<OView class="oracle.dbtools.crest.swingui.relational.TVTable" oid="518ECD54-5DAB-BCA1-E135-76F9EEC88348" otype="Table" vid="ED338EBE-F8EF-9200-FD20-5F14F180672D">
<hideElementsInCurrentOnly>false</hideElementsInCurrentOnly>
<bounds x="1378" y="315" width="160" height="147"/>
</OView>
<OView class="oracle.dbtools.crest.swingui.relational.TVTable" oid="5768B766-5C52-CF00-997D-1DF8594BEAFD" otype="Table" vid="A2815E4C-A15C-41C7-8A9B-DFEC680183DA">
<hideElementsInCurrentOnly>false</hideElementsInCurrentOnly>
<bounds x="1624" y="487" width="219" height="168"/>
</OView>
<OView class="oracle.dbtools.crest.swingui.relational.TVTable" oid="5D10E9AC-D520-FD6F-B437-15C0CFF3E16A" otype="Table" vid="343BF5DB-A4F2-549E-F15E-5D49681E1A3B">
<hideElementsInCurrentOnly>false</hideElementsInCurrentOnly>
<bounds x="1373" y="740" width="262" height="192"/>
</OView>
<OView class="oracle.dbtools.crest.swingui.relational.TVTable" oid="7E15A327-A9DD-148F-C572-F24E4890D848" otype="Table" vid="909D4EF6-D54E-61E5-67F2-83CC582D798E">
<hideElementsInCurrentOnly>false</hideElementsInCurrentOnly>
<bounds x="1576" y="312" width="170" height="110"/>
</OView>
<OView class="oracle.dbtools.crest.swingui.TVLegend" oid="80DDCDE6-81F0-049C-FAB5-C1EA0B88E638" otype="Legend" vid="B7802CC1-5127-EA6D-11C2-D24BFE4734C3">
<hideElementsInCurrentOnly>false</hideElementsInCurrentOnly>
<bounds x="10" y="10" width="252" height="128"/>
</OView>
<OView class="oracle.dbtools.crest.swingui.relational.TVTable" oid="8B5ADFB3-1258-12B7-FD6A-2C323EEC15DF" otype="Table" vid="53FD9672-E401-3180-20D3-EBFE67605942">
<hideElementsInCurrentOnly>false</hideElementsInCurrentOnly>
<bounds x="917" y="408" width="149" height="122"/>
</OView>
<OView class="oracle.dbtools.crest.swingui.relational.TVTable" oid="903DAB9E-7DE7-684E-3226-43A89E6C7F3E" otype="Table" vid="4BA7ADD0-71A0-B7AF-E4CD-978590C28BE5">
<hideElementsInCurrentOnly>false</hideElementsInCurrentOnly>
<bounds x="790" y="877" width="170" height="111"/>
</OView>
<OView class="oracle.dbtools.crest.swingui.relational.TVTable" oid="AEC3B251-6EFF-FC89-AC8E-8902B46814C8" otype="Table" vid="0B45EDD1-077D-75D4-197D-E64335BE0E6D">
<hideElementsInCurrentOnly>false</hideElementsInCurrentOnly>
<bounds x="503" y="459" width="240" height="118"/>
</OView>
<OView class="oracle.dbtools.crest.swingui.relational.TVTable" oid="B6FD4CB2-22A7-6014-9755-61860B0CFACC" otype="Table" vid="35054721-DAE8-B7E8-B343-F3F4F4EE2E2E">
<hideElementsInCurrentOnly>false</hideElementsInCurrentOnly>
<bounds x="285" y="887" width="170" height="111"/>
</OView>
<OView class="oracle.dbtools.crest.swingui.relational.TVTable" oid="B9C7BB83-7A7C-442B-032F-FC032CC33DA3" otype="Table" vid="B6CB50D5-693E-E927-88AE-E7E11F8E608A">
<hideElementsInCurrentOnly>false</hideElementsInCurrentOnly>
<bounds x="543" y="1016" width="170" height="111"/>
</OView>
<OView class="oracle.dbtools.crest.swingui.relational.TVTable" oid="BF6095F5-530E-1B14-80E8-DCF6F6DFC07B" otype="Table" vid="AFD118AA-52F9-C6FE-A354-2AD4A6A34AD8">
<hideElementsInCurrentOnly>false</hideElementsInCurrentOnly>
<bounds x="510" y="623" width="200" height="190"/>
</OView>
<OView class="oracle.dbtools.crest.swingui.relational.TVTable" oid="D8718850-9909-D1D9-768F-54693E86514E" otype="Table" vid="27C8729B-1033-FC98-5154-56AFD935E256">
<hideElementsInCurrentOnly>false</hideElementsInCurrentOnly>
<bounds x="901" y="618" width="201" height="118"/>
</OView>
<OView class="oracle.dbtools.crest.swingui.relational.TVTable" oid="DB768720-4DDF-5C50-5B24-7364F5D0FFAA" otype="Table" vid="8E221802-7025-559F-70D0-9F68DAA9B489">
<hideElementsInCurrentOnly>false</hideElementsInCurrentOnly>
<bounds x="528" y="867" width="170" height="110"/>
</OView>
<OView class="oracle.dbtools.crest.swingui.relational.TVTable" oid="F1114C38-18F3-F2F0-36C3-68D9DEF8EFF5" otype="Table" vid="23FCDF54-6FAD-AE27-870B-29AD33556E47">
<hideElementsInCurrentOnly>false</hideElementsInCurrentOnly>
<bounds x="114" y="492" width="247" height="142"/>
</OView>
<OView class="oracle.dbtools.crest.swingui.relational.TVTable" oid="F5998A94-AE41-E0C3-E2EC-C3471AE9788F" otype="Table" vid="9CAB4E1B-219E-7634-362E-E740B8380274">
<hideElementsInCurrentOnly>false</hideElementsInCurrentOnly>
<bounds x="297" y="90" width="149" height="168"/>
</OView>
</objectViews>
<connectors>
<Connector class="oracle.dbtools.crest.swingui.relational.TVFKRelation" oid="16CFD886-72AE-4DB6-69DE-0A461307D9ED" otype="FKIndexAssociation" vid_source="35054721-DAE8-B7E8-B343-F3F4F4EE2E2E" vid_target="8E221802-7025-559F-70D0-9F68DAA9B489">
<hideElementsInCurrentOnly>false</hideElementsInCurrentOnly>
<backgroundColor>-16777216</backgroundColor>
<lineWidth>1</lineWidth>
<points>
<point x="455" y="947"/>
<point x="528" y="947"/>
</points>
</Connector>
<Connector class="oracle.dbtools.crest.swingui.relational.TVFKRelation" oid="2FD07136-B9C7-AF07-0724-A928585B6EE0" otype="FKIndexAssociation" vid_source="53FD9672-E401-3180-20D3-EBFE67605942" vid_target="343BF5DB-A4F2-549E-F15E-5D49681E1A3B">
<hideElementsInCurrentOnly>false</hideElementsInCurrentOnly>
<backgroundColor>-16777216</backgroundColor>
<lineWidth>1</lineWidth>
<points>
<point x="1066" y="522"/>
<point x="1373" y="742"/>
</points>
</Connector>
<Connector class="oracle.dbtools.crest.swingui.relational.TVFKRelation" oid="31CC6A07-988F-3AD4-56F1-B07F2C39D1BE" otype="FKIndexAssociation" vid_source="4BA7ADD0-71A0-B7AF-E4CD-978590C28BE5" vid_target="B6CB50D5-693E-E927-88AE-E7E11F8E608A">
<hideElementsInCurrentOnly>false</hideElementsInCurrentOnly>
<backgroundColor>-16777216</backgroundColor>
<lineWidth>1</lineWidth>
<points>
<point x="790" y="980"/>
<point x="713" y="1038"/>
</points>
</Connector>
<Connector class="oracle.dbtools.crest.swingui.relational.TVFKRelation" oid="36571682-ACDF-21BC-F611-DDEA06A1EF14" otype="FKIndexAssociation" vid_source="ED338EBE-F8EF-9200-FD20-5F14F180672D" vid_target="343BF5DB-A4F2-549E-F15E-5D49681E1A3B">
<hideElementsInCurrentOnly>false</hideElementsInCurrentOnly>
<backgroundColor>-16777216</backgroundColor>
<lineWidth>1</lineWidth>
<points>
<point x="1458" y="462"/>
<point x="1458" y="740"/>
</points>
</Connector>
<Connector class="oracle.dbtools.crest.swingui.relational.TVFKRelation" oid="3FBB8255-E830-F153-D7B9-3B25E7C0C728" otype="FKIndexAssociation" vid_source="AFD118AA-52F9-C6FE-A354-2AD4A6A34AD8" vid_target="343BF5DB-A4F2-549E-F15E-5D49681E1A3B">
<hideElementsInCurrentOnly>false</hideElementsInCurrentOnly>
<backgroundColor>-16777216</backgroundColor>
<lineWidth>1</lineWidth>
<points>
<point x="710" y="776"/>
<point x="1373" y="776"/>
</points>
</Connector>
<Connector class="oracle.dbtools.crest.swingui.relational.TVFKRelation" oid="86FB7ABB-F357-29AC-DD1B-FF952AA97F25" otype="FKIndexAssociation" vid_source="53FD9672-E401-3180-20D3-EBFE67605942" vid_target="0B45EDD1-077D-75D4-197D-E64335BE0E6D">
<hideElementsInCurrentOnly>false</hideElementsInCurrentOnly>
<backgroundColor>-16777216</backgroundColor>
<lineWidth>1</lineWidth>
<points>
<point x="917" y="494"/>
<point x="743" y="494"/>
</points>
</Connector>
<Connector class="oracle.dbtools.crest.swingui.relational.TVFKRelation" oid="908CD5D0-8BB7-974C-61B8-0C744D58CABC" otype="FKIndexAssociation" vid_source="9CAB4E1B-219E-7634-362E-E740B8380274" vid_target="4DCA2BD0-1917-2017-D7CC-503F60773303">
<hideElementsInCurrentOnly>false</hideElementsInCurrentOnly>
<backgroundColor>-16777216</backgroundColor>
<lineWidth>1</lineWidth>
<points>
<point x="446" y="207"/>
<point x="751" y="207"/>
</points>
</Connector>
<Connector class="oracle.dbtools.crest.swingui.relational.TVFKRelation" oid="94EE16ED-0CC4-1B76-CD95-B41552FF3FFA" otype="FKIndexAssociation" vid_source="35054721-DAE8-B7E8-B343-F3F4F4EE2E2E" vid_target="AFD118AA-52F9-C6FE-A354-2AD4A6A34AD8">
<hideElementsInCurrentOnly>false</hideElementsInCurrentOnly>
<backgroundColor>-16777216</backgroundColor>
<lineWidth>1</lineWidth>
<points>
<point x="429" y="887"/>
<point x="510" y="811"/>
</points>
</Connector>
<Connector class="oracle.dbtools.crest.swingui.relational.TVFKRelation" oid="97B5360F-D962-803E-0560-FA225803A40B" otype="FKIndexAssociation" vid_source="27C8729B-1033-FC98-5154-56AFD935E256" vid_target="AFD118AA-52F9-C6FE-A354-2AD4A6A34AD8">
<hideElementsInCurrentOnly>false</hideElementsInCurrentOnly>
<backgroundColor>-16777216</backgroundColor>
<lineWidth>1</lineWidth>
<points>
<point x="901" y="694"/>
<point x="710" y="694"/>
</points>
</Connector>
<Connector class="oracle.dbtools.crest.swingui.relational.TVFKRelation" oid="9CD92D85-C784-ECEA-BEC6-8B508D1E3A29" otype="FKIndexAssociation" vid_source="ED338EBE-F8EF-9200-FD20-5F14F180672D" vid_target="909D4EF6-D54E-61E5-67F2-83CC582D798E">
<hideElementsInCurrentOnly>false</hideElementsInCurrentOnly>
<backgroundColor>-16777216</backgroundColor>
<lineWidth>1</lineWidth>
<points>
<point x="1538" y="368"/>
<point x="1576" y="368"/>
</points>
</Connector>
<Connector class="oracle.dbtools.crest.swingui.relational.TVFKRelation" oid="B98069C1-BBC5-8972-CF60-0A7D3EEF87B9" otype="FKIndexAssociation" vid_source="35054721-DAE8-B7E8-B343-F3F4F4EE2E2E" vid_target="B6CB50D5-693E-E927-88AE-E7E11F8E608A">
<hideElementsInCurrentOnly>false</hideElementsInCurrentOnly>
<backgroundColor>-16777216</backgroundColor>
<lineWidth>1</lineWidth>
<points>
<point x="455" y="985"/>
<point x="543" y="1027"/>
</points>
</Connector>
<Connector class="oracle.dbtools.crest.swingui.relational.TVFKRelation" oid="C2718078-3443-8BCE-DE2C-12F57D18718E" otype="FKIndexAssociation" vid_source="4BA7ADD0-71A0-B7AF-E4CD-978590C28BE5" vid_target="AFD118AA-52F9-C6FE-A354-2AD4A6A34AD8">
<hideElementsInCurrentOnly>false</hideElementsInCurrentOnly>
<backgroundColor>-16777216</backgroundColor>
<lineWidth>1</lineWidth>
<points>
<point x="806" y="877"/>
<point x="710" y="798"/>
</points>
</Connector>
<Connector class="oracle.dbtools.crest.swingui.relational.TVFKRelation" oid="C69B2E2D-2399-98F0-61D4-C5019C30376C" otype="FKIndexAssociation" vid_source="4DCA2BD0-1917-2017-D7CC-503F60773303" vid_target="ED338EBE-F8EF-9200-FD20-5F14F180672D">
<hideElementsInCurrentOnly>false</hideElementsInCurrentOnly>
<backgroundColor>-16777216</backgroundColor>
<lineWidth>1</lineWidth>
<points>
<point x="1027" y="265"/>
<point x="1378" y="365"/>
</points>
</Connector>
<Connector class="oracle.dbtools.crest.swingui.relational.TVFKRelation" oid="CC421BD1-E482-3790-663F-F97A3AF25527" otype="FKIndexAssociation" vid_source="9CAB4E1B-219E-7634-362E-E740B8380274" vid_target="23FCDF54-6FAD-AE27-870B-29AD33556E47">
<hideElementsInCurrentOnly>false</hideElementsInCurrentOnly>
<backgroundColor>-16777216</backgroundColor>
<lineWidth>1</lineWidth>
<points>
<point x="299" y="258"/>
<point x="299" y="492"/>
</points>
</Connector>
<Connector class="oracle.dbtools.crest.swingui.relational.TVFKRelation" oid="CFEA8914-380E-B378-1355-774763C35021" otype="FKIndexAssociation" vid_source="23FCDF54-6FAD-AE27-870B-29AD33556E47" vid_target="0B45EDD1-077D-75D4-197D-E64335BE0E6D">
<hideElementsInCurrentOnly>false</hideElementsInCurrentOnly>
<backgroundColor>-16777216</backgroundColor>
<lineWidth>1</lineWidth>
<points>
<point x="361" y="534"/>
<point x="503" y="534"/>
</points>
</Connector>
<Connector class="oracle.dbtools.crest.swingui.relational.TVFKRelation" oid="D7E6FCC4-776E-23D7-ECAC-C5E46597CD00" otype="FKIndexAssociation" vid_source="4BA7ADD0-71A0-B7AF-E4CD-978590C28BE5" vid_target="8E221802-7025-559F-70D0-9F68DAA9B489">
<hideElementsInCurrentOnly>false</hideElementsInCurrentOnly>
<backgroundColor>-16777216</backgroundColor>
<lineWidth>1</lineWidth>
<points>
<point x="790" y="942"/>
<point x="698" y="942"/>
</points>
</Connector>
<Connector class="oracle.dbtools.crest.swingui.relational.TVFKRelation" oid="EE7DEDC2-EA2A-E567-C3E4-A03CD54F9A22" otype="FKIndexAssociation" vid_source="27C8729B-1033-FC98-5154-56AFD935E256" vid_target="53FD9672-E401-3180-20D3-EBFE67605942">
<hideElementsInCurrentOnly>false</hideElementsInCurrentOnly>
<backgroundColor>-16777216</backgroundColor>
<lineWidth>1</lineWidth>
<points>
<point x="991" y="618"/>
<point x="991" y="530"/>
</points>
</Connector>
<Connector class="oracle.dbtools.crest.swingui.relational.TVFKRelation" oid="FC5731B5-A508-6353-6614-D145A1BDF394" otype="FKIndexAssociation" vid_source="23FCDF54-6FAD-AE27-870B-29AD33556E47" vid_target="AFD118AA-52F9-C6FE-A354-2AD4A6A34AD8">
<hideElementsInCurrentOnly>false</hideElementsInCurrentOnly>
<backgroundColor>-16777216</backgroundColor>
<lineWidth>1</lineWidth>
<points>
<point x="361" y="628"/>
<point x="510" y="628"/>
</points>
</Connector>
<Connector class="oracle.dbtools.crest.swingui.relational.TVFKRelation" oid="FC8BCF71-C5F1-95DA-0F74-9ACF960CFB07" otype="FKIndexAssociation" vid_source="A2815E4C-A15C-41C7-8A9B-DFEC680183DA" vid_target="909D4EF6-D54E-61E5-67F2-83CC582D798E">
<hideElementsInCurrentOnly>false</hideElementsInCurrentOnly>
<backgroundColor>-16777216</backgroundColor>
<lineWidth>1</lineWidth>
<points>
<point x="1685" y="487"/>
<point x="1685" y="422"/>
</points>
</Connector>
</connectors>
</Diagram>
