<?xml version = '1.0' encoding = 'UTF-8'?>
<Entity class="oracle.dbtools.crest.model.design.logical.Entity" directorySegmentName="seg_0" id="28278A66-457F-9D0F-B981-987451C93B21" name="OWNER">
<createdBy>student</createdBy>
<createdTime>2023-04-30 14:21:15 UTC</createdTime>
<ownerDesignName>assignment 1B logic model</ownerDesignName>
<adequatelyNormalized>NO</adequatelyNormalized>
<expectedVolumes>0</expectedVolumes>
<fwdEngineeringStrategyName>Single Table</fwdEngineeringStrategyName>
<growthPercent>0</growthPercent>
<growthType>Year</growthType>
<maxVolumes>9999999</maxVolumes>
<minVolumes>0</minVolumes>
<normalForm>Third</normalForm>
<attributes itemClass="oracle.dbtools.crest.model.design.logical.Attribute">
<Attribute name="owner_id" id="9E6D46EB-EDED-4278-41A1-3DE736DF513F">
<createdBy>student</createdBy>
<createdTime>2023-04-30 14:21:29 UTC</createdTime>
<commentInRDBMS><![CDATA[Owner id ]]></commentInRDBMS>
<ownerDesignName>assignment 1B logic model</ownerDesignName>
<useDomainConstraints>false</useDomainConstraints>
<use>1</use>
<logicalDatatype>LOGDT019</logicalDatatype>
<dataTypePrecision>10</dataTypePrecision>
<ownDataTypeParameters>,10,</ownDataTypeParameters>
</Attribute>
<Attribute name="owner_email" id="BD096562-5BD7-35F4-F747-9005E7732603">
<createdBy>student</createdBy>
<createdTime>2023-04-30 14:21:43 UTC</createdTime>
<commentInRDBMS><![CDATA[Owner email address]]></commentInRDBMS>
<ownerDesignName>assignment 1B logic model</ownerDesignName>
<nullsAllowed>true</nullsAllowed>
<useDomainConstraints>false</useDomainConstraints>
<use>1</use>
<logicalDatatype>LOGDT024</logicalDatatype>
<dataTypeSize>30</dataTypeSize>
<ownDataTypeParameters>30,,</ownDataTypeParameters>
</Attribute>
<Attribute name="owner_phone" id="06B8A981-159B-1206-63FD-EED913A4AA48">
<createdBy>student</createdBy>
<createdTime>2023-04-30 14:22:11 UTC</createdTime>
<commentInRDBMS><![CDATA[owner phone number is mandatory]]></commentInRDBMS>
<ownerDesignName>assignment 1B logic model</ownerDesignName>
<useDomainConstraints>false</useDomainConstraints>
<use>1</use>
<logicalDatatype>LOGDT025</logicalDatatype>
<dataTypeSize>10</dataTypeSize>
<ownDataTypeParameters>10,,</ownDataTypeParameters>
</Attribute>
<Attribute name="owner_name" id="3FAD2533-99D5-0267-C94D-AC6481840F19">
<createdBy>student</createdBy>
<createdTime>2023-04-30 14:22:35 UTC</createdTime>
<commentInRDBMS><![CDATA[Owner's name ]]></commentInRDBMS>
<ownerDesignName>assignment 1B logic model</ownerDesignName>
<useDomainConstraints>false</useDomainConstraints>
<use>1</use>
<logicalDatatype>LOGDT024</logicalDatatype>
<dataTypeSize>30</dataTypeSize>
<ownDataTypeParameters>30,,</ownDataTypeParameters>
</Attribute>
</attributes>
<identifiers itemClass="oracle.dbtools.crest.model.design.logical.CandidateKey">
<identifier id="85895F0A-9BB8-81BC-9712-0B5EA8F2E209" name="OWNER PK">
<createdBy>student</createdBy>
<createdTime>2023-04-30 14:23:16 UTC</createdTime>
<ownerDesignName>assignment 1B logic model</ownerDesignName>
<pk>true</pk>
<usedAttributes>
<attributeRef>9E6D46EB-EDED-4278-41A1-3DE736DF513F</attributeRef>
</usedAttributes>
</identifier>
</identifiers>
</Entity>
