<?xml version = '1.0' encoding = 'UTF-8'?>
<Entity class="oracle.dbtools.crest.model.design.logical.Entity" directorySegmentName="seg_0" id="3CDD4004-01FF-60B6-DD49-1979A4156B8F" name="WASTE TYPE">
<createdBy>student</createdBy>
<createdTime>2023-04-30 14:30:57 UTC</createdTime>
<ownerDesignName>assignment 1B logic model</ownerDesignName>
<engineerTo>
<item key="08895F91-836B-DD96-408B-ABB0BDDFBE20" value="true"/>
</engineerTo>
<adequatelyNormalized>NO</adequatelyNormalized>
<expectedVolumes>0</expectedVolumes>
<fwdEngineeringStrategyName>Single Table</fwdEngineeringStrategyName>
<growthPercent>0</growthPercent>
<growthType>Year</growthType>
<maxVolumes>9999999</maxVolumes>
<minVolumes>0</minVolumes>
<normalForm>Third</normalForm>
<attributes itemClass="oracle.dbtools.crest.model.design.logical.Attribute">
<Attribute name="waste_type_id" id="EA1F5C66-FF66-A52A-D72D-7D5EC65688A2">
<createdBy>student</createdBy>
<createdTime>2023-04-30 14:31:03 UTC</createdTime>
<commentInRDBMS><![CDATA[Waste type id ]]></commentInRDBMS>
<ownerDesignName>assignment 1B logic model</ownerDesignName>
<engineerTo>
<item key="08895F91-836B-DD96-408B-ABB0BDDFBE20" value="true"/>
</engineerTo>
<useDomainConstraints>false</useDomainConstraints>
<use>1</use>
<logicalDatatype>LOGDT019</logicalDatatype>
<dataTypePrecision>10</dataTypePrecision>
<ownDataTypeParameters>,10,</ownDataTypeParameters>
</Attribute>
<Attribute name="waste_type_descr" id="66FB0FB3-3587-0E48-636C-605245811CB4">
<createdBy>student</createdBy>
<createdTime>2023-04-30 14:31:10 UTC</createdTime>
<commentInRDBMS><![CDATA[waste type description]]></commentInRDBMS>
<ownerDesignName>assignment 1B logic model</ownerDesignName>
<engineerTo>
<item key="08895F91-836B-DD96-408B-ABB0BDDFBE20" value="true"/>
</engineerTo>
<useDomainConstraints>false</useDomainConstraints>
<use>1</use>
<logicalDatatype>LOGDT024</logicalDatatype>
<dataTypeSize>50</dataTypeSize>
<ownDataTypeParameters>50,,</ownDataTypeParameters>
</Attribute>
</attributes>
<identifiers itemClass="oracle.dbtools.crest.model.design.logical.CandidateKey">
<identifier id="51149FA2-853B-D0A5-373D-74E1D51F6038" name="WASTE TYPE PK">
<createdBy>student</createdBy>
<createdTime>2023-05-02 01:48:48 UTC</createdTime>
<ownerDesignName>assignment 1B logic model</ownerDesignName>
<shouldEngineer>false</shouldEngineer>
<engineerTo>
<item key="08895F91-836B-DD96-408B-ABB0BDDFBE20" value="false"/>
</engineerTo>
<pk>true</pk>
<usedAttributes>
<attributeRef>EA1F5C66-FF66-A52A-D72D-7D5EC65688A2</attributeRef>
</usedAttributes>
</identifier>
</identifiers>
</Entity>
