<?xml version = '1.0' encoding = 'UTF-8'?>
<Entity class="oracle.dbtools.crest.model.design.logical.Entity" directorySegmentName="seg_0" id="732FDFF2-AC76-DF7D-194B-88BCD09CFCA3" name="Driver_Truck_Lists">
<createdBy>g</createdBy>
<createdTime>2023-05-03 01:10:06 UTC</createdTime>
<ownerDesignName>assignment 1B logic model</ownerDesignName>
<engineerTo>
<item key="687EA157-6ECD-4327-B1E8-8A432453C3A0" value="true"/>
</engineerTo>
<adequatelyNormalized>NO</adequatelyNormalized>
<expectedVolumes>0</expectedVolumes>
<fwdEngineeringStrategyName>Single Table</fwdEngineeringStrategyName>
<growthPercent>0</growthPercent>
<growthType>Year</growthType>
<maxVolumes>9999999</maxVolumes>
<minVolumes>0</minVolumes>
<normalForm>Third</normalForm>
<attributes itemClass="oracle.dbtools.crest.model.design.logical.Attribute">
<Attribute name="truck_vin" id="63736717-3F19-3AF9-FC1E-3651FD8DDBFA">
<createdBy>g</createdBy>
<createdTime>2023-05-03 01:11:56 UTC</createdTime>
<commentInRDBMS><![CDATA[Truck's vin]]></commentInRDBMS>
<generatorID>28D663B3-C529-1AA5-6D66-6DAB2FEEB910</generatorID>
<ownerDesignName>assignment 1B logic model</ownerDesignName>
<engineerTo>
<item key="687EA157-6ECD-4327-B1E8-8A432453C3A0" value="true"/>
</engineerTo>
<referedAttribute>69A3A4E3-B55A-CF58-5C76-7B28BC3C4B6B</referedAttribute>
<useDomainConstraints>false</useDomainConstraints>
<use>1</use>
<logicalDatatype>LOGDT024</logicalDatatype>
<dataTypeSize>10</dataTypeSize>
<ownDataTypeParameters>,,</ownDataTypeParameters>
</Attribute>
<Attribute name="driver_no" id="9596AA41-586C-8FA3-B281-7B893EC7CF09">
<createdBy>g</createdBy>
<createdTime>2023-05-03 01:12:26 UTC</createdTime>
<commentInRDBMS><![CDATA[Driver number]]></commentInRDBMS>
<generatorID>B4B1A60E-B449-4223-6EF9-C6B297B6CF7D</generatorID>
<ownerDesignName>assignment 1B logic model</ownerDesignName>
<engineerTo>
<item key="687EA157-6ECD-4327-B1E8-8A432453C3A0" value="true"/>
</engineerTo>
<referedAttribute>68FFD5F5-29D1-3AA4-3A4C-6A55043DE33E</referedAttribute>
<useDomainConstraints>false</useDomainConstraints>
<use>1</use>
<logicalDatatype>LOGDT019</logicalDatatype>
<dataTypePrecision>10</dataTypePrecision>
<ownDataTypeParameters>,,</ownDataTypeParameters>
</Attribute>
</attributes>
<identifiers itemClass="oracle.dbtools.crest.model.design.logical.CandidateKey">
<identifier id="2715D9CB-6C51-7F51-3914-FC8335253C5A" name="Driver_Truck PK">
<createdBy>g</createdBy>
<createdTime>2023-05-03 01:11:56 UTC</createdTime>
<ownerDesignName>assignment 1B logic model</ownerDesignName>
<engineerTo>
<item key="687EA157-6ECD-4327-B1E8-8A432453C3A0" value="true"/>
</engineerTo>
<pk>true</pk>
<usedAttributes>
<attributeRef>63736717-3F19-3AF9-FC1E-3651FD8DDBFA</attributeRef>
<attributeRef>9596AA41-586C-8FA3-B281-7B893EC7CF09</attributeRef>
</usedAttributes>
</identifier>
</identifiers>
</Entity>
