<?xml version = '1.0' encoding = 'UTF-8'?>
<Entity class="oracle.dbtools.crest.model.design.logical.Entity" directorySegmentName="seg_0" id="837B9510-7785-CAFD-16AC-1F81BBD1B2D1" name="AUTHORITY">
<createdBy>student</createdBy>
<createdTime>2023-04-30 14:03:46 UTC</createdTime>
<ownerDesignName>assignment 1B logic model</ownerDesignName>
<engineerTo>
<item key="08895F91-836B-DD96-408B-ABB0BDDFBE20" value="true"/>
</engineerTo>
<adequatelyNormalized>NO</adequatelyNormalized>
<expectedVolumes>0</expectedVolumes>
<fwdEngineeringStrategyName>Single Table</fwdEngineeringStrategyName>
<growthPercent>0</growthPercent>
<growthType>Year</growthType>
<maxVolumes>9999999</maxVolumes>
<minVolumes>0</minVolumes>
<normalForm>Third</normalForm>
<attributes itemClass="oracle.dbtools.crest.model.design.logical.Attribute">
<Attribute name="author_name " id="74ACD80D-41F7-AE7D-5841-AB2496BC822C">
<createdBy>student</createdBy>
<createdTime>2023-04-30 14:03:57 UTC</createdTime>
<commentInRDBMS><![CDATA[The authority name ]]></commentInRDBMS>
<ownerDesignName>assignment 1B logic model</ownerDesignName>
<engineerTo>
<item key="08895F91-836B-DD96-408B-ABB0BDDFBE20" value="true"/>
</engineerTo>
<useDomainConstraints>false</useDomainConstraints>
<use>1</use>
<logicalDatatype>LOGDT024</logicalDatatype>
<dataTypeSize>30</dataTypeSize>
<ownDataTypeParameters>30,,</ownDataTypeParameters>
</Attribute>
<Attribute name="author_ceo_fname" id="BED0823C-9EA4-153C-ED5C-CA6FBA32A02B">
<createdBy>student</createdBy>
<createdTime>2023-04-30 14:04:32 UTC</createdTime>
<commentInRDBMS><![CDATA[authority chief executive officer first name ]]></commentInRDBMS>
<ownerDesignName>assignment 1B logic model</ownerDesignName>
<engineerTo>
<item key="08895F91-836B-DD96-408B-ABB0BDDFBE20" value="true"/>
</engineerTo>
<useDomainConstraints>false</useDomainConstraints>
<use>1</use>
<logicalDatatype>LOGDT024</logicalDatatype>
<dataTypeSize>30</dataTypeSize>
<ownDataTypeParameters>30,,</ownDataTypeParameters>
</Attribute>
<Attribute name="author_ceo_lname" id="2AB58F29-9785-6C3C-3F22-AC0C2A9B7C05">
<createdBy>student</createdBy>
<createdTime>2023-04-30 14:05:24 UTC</createdTime>
<commentInRDBMS><![CDATA[authority chief executive officer last name ]]></commentInRDBMS>
<ownerDesignName>assignment 1B logic model</ownerDesignName>
<engineerTo>
<item key="08895F91-836B-DD96-408B-ABB0BDDFBE20" value="true"/>
</engineerTo>
<useDomainConstraints>false</useDomainConstraints>
<use>1</use>
<logicalDatatype>LOGDT024</logicalDatatype>
<dataTypeSize>30</dataTypeSize>
<ownDataTypeParameters>30,,</ownDataTypeParameters>
</Attribute>
<Attribute name="author_phone" id="95ACDD48-EA2E-A488-B97E-67690A6338C9">
<createdBy>student</createdBy>
<createdTime>2023-04-30 14:06:11 UTC</createdTime>
<commentInRDBMS><![CDATA[authority phone number ]]></commentInRDBMS>
<ownerDesignName>assignment 1B logic model</ownerDesignName>
<engineerTo>
<item key="08895F91-836B-DD96-408B-ABB0BDDFBE20" value="true"/>
</engineerTo>
<nullsAllowed>true</nullsAllowed>
<useDomainConstraints>false</useDomainConstraints>
<use>1</use>
<logicalDatatype>LOGDT025</logicalDatatype>
<dataTypeSize>10</dataTypeSize>
<ownDataTypeParameters>10,,</ownDataTypeParameters>
</Attribute>
<Attribute name="author_total_area" id="B1D35644-AAF4-3E25-FD7F-51306E376AE3">
<createdBy>student</createdBy>
<createdTime>2023-04-30 14:07:28 UTC</createdTime>
<commentInRDBMS><![CDATA[authority total area]]></commentInRDBMS>
<ownerDesignName>assignment 1B logic model</ownerDesignName>
<engineerTo>
<item key="08895F91-836B-DD96-408B-ABB0BDDFBE20" value="true"/>
</engineerTo>
<useDomainConstraints>false</useDomainConstraints>
<use>1</use>
<logicalDatatype>LOGDT019</logicalDatatype>
<dataTypePrecision>10</dataTypePrecision>
<dataTypeScale>2</dataTypeScale>
<ownDataTypeParameters>,10,2</ownDataTypeParameters>
</Attribute>
<Attribute name="author_street_area" id="106E1C51-44AB-F519-E25D-A5770AA8156C">
<createdBy>student</createdBy>
<createdTime>2023-04-30 14:08:28 UTC</createdTime>
<commentInRDBMS><![CDATA[street area ]]></commentInRDBMS>
<ownerDesignName>assignment 1B logic model</ownerDesignName>
<engineerTo>
<item key="08895F91-836B-DD96-408B-ABB0BDDFBE20" value="true"/>
</engineerTo>
<useDomainConstraints>false</useDomainConstraints>
<use>1</use>
<logicalDatatype>LOGDT019</logicalDatatype>
<dataTypePrecision>10</dataTypePrecision>
<dataTypeScale>2</dataTypeScale>
<ownDataTypeParameters>,10,2</ownDataTypeParameters>
</Attribute>
</attributes>
<identifiers itemClass="oracle.dbtools.crest.model.design.logical.CandidateKey">
<identifier id="7091404A-F7B4-E96E-C462-572EB356FCD1" name="AUTHORITY PK">
<createdBy>student</createdBy>
<createdTime>2023-04-30 14:04:25 UTC</createdTime>
<ownerDesignName>assignment 1B logic model</ownerDesignName>
<shouldEngineer>false</shouldEngineer>
<engineerTo>
<item key="08895F91-836B-DD96-408B-ABB0BDDFBE20" value="false"/>
</engineerTo>
<pk>true</pk>
<usedAttributes>
<attributeRef>74ACD80D-41F7-AE7D-5841-AB2496BC822C</attributeRef>
</usedAttributes>
</identifier>
</identifiers>
</Entity>
