<?xml version = '1.0' encoding = 'UTF-8'?>
<Entity class="oracle.dbtools.crest.model.design.logical.Entity" directorySegmentName="seg_0" id="9FA55115-FDB4-1BB3-429F-DDC7E5EEB6CC" name="BIN TYPE">
<createdBy>student</createdBy>
<createdTime>2023-04-30 14:31:52 UTC</createdTime>
<ownerDesignName>assignment 1B logic model</ownerDesignName>
<adequatelyNormalized>NO</adequatelyNormalized>
<expectedVolumes>0</expectedVolumes>
<fwdEngineeringStrategyName>Single Table</fwdEngineeringStrategyName>
<growthPercent>0</growthPercent>
<growthType>Year</growthType>
<maxVolumes>9999999</maxVolumes>
<minVolumes>0</minVolumes>
<normalForm>Third</normalForm>
<attributes itemClass="oracle.dbtools.crest.model.design.logical.Attribute">
<Attribute name="bin_size" id="DB49A183-1813-C750-F8AF-B0D041760414">
<createdBy>student</createdBy>
<createdTime>2023-04-30 14:32:00 UTC</createdTime>
<commentInRDBMS><![CDATA[the size of type of bin]]></commentInRDBMS>
<ownerDesignName>assignment 1B logic model</ownerDesignName>
<useDomainConstraints>false</useDomainConstraints>
<use>1</use>
<logicalDatatype>LOGDT019</logicalDatatype>
<dataTypePrecision>10</dataTypePrecision>
<dataTypeScale>2</dataTypeScale>
<ownDataTypeParameters>,10,2</ownDataTypeParameters>
</Attribute>
<Attribute name="bin_type_stand_cost_supply " id="43A8C177-4FD2-4AA0-53B0-D172CF2DABCD">
<createdBy>student</createdBy>
<createdTime>2023-04-30 14:32:17 UTC</createdTime>
<commentInRDBMS><![CDATA[standard supply cost of bin]]></commentInRDBMS>
<ownerDesignName>assignment 1B logic model</ownerDesignName>
<useDomainConstraints>false</useDomainConstraints>
<use>1</use>
<logicalDatatype>LOGDT019</logicalDatatype>
<dataTypePrecision>10</dataTypePrecision>
<dataTypeScale>2</dataTypeScale>
<ownDataTypeParameters>,10,2</ownDataTypeParameters>
</Attribute>
<Attribute name="waste_type_id" id="862ADEDC-ADDA-0E95-5CFA-C14D66AE7E55">
<createdBy>student</createdBy>
<createdTime>2023-05-02 03:46:51 UTC</createdTime>
<commentInRDBMS><![CDATA[Waste type id ]]></commentInRDBMS>
<generatorID>374DEF31-53CE-90C1-D08E-8D118EE2FFFF</generatorID>
<ownerDesignName>assignment 1B logic model</ownerDesignName>
<referedAttribute>EA1F5C66-FF66-A52A-D72D-7D5EC65688A2</referedAttribute>
<useDomainConstraints>false</useDomainConstraints>
<use>1</use>
<logicalDatatype>LOGDT019</logicalDatatype>
<dataTypePrecision>10</dataTypePrecision>
<ownDataTypeParameters>,10,</ownDataTypeParameters>
</Attribute>
</attributes>
<identifiers itemClass="oracle.dbtools.crest.model.design.logical.CandidateKey">
<identifier id="6A746AA2-96DF-61EE-FE1E-C06E75E7C808" name="BIN TYPE PK">
<createdBy>student</createdBy>
<createdTime>2023-04-30 14:37:34 UTC</createdTime>
<ownerDesignName>assignment 1B logic model</ownerDesignName>
<pk>true</pk>
<usedAttributes>
<attributeRef>DB49A183-1813-C750-F8AF-B0D041760414</attributeRef>
<attributeRef>862ADEDC-ADDA-0E95-5CFA-C14D66AE7E55</attributeRef>
</usedAttributes>
</identifier>
</identifiers>
</Entity>
