<?xml version = '1.0' encoding = 'UTF-8'?>
<Entity class="oracle.dbtools.crest.model.design.logical.Entity" directorySegmentName="seg_0" id="B3E5791F-70A4-E35F-E394-ADFCDAAF3457" name="TRUCK">
<createdBy>student</createdBy>
<createdTime>2023-05-02 01:50:37 UTC</createdTime>
<ownerDesignName>assignment 1B logic model</ownerDesignName>
<engineerTo>
<item key="687EA157-6ECD-4327-B1E8-8A432453C3A0" value="true"/>
</engineerTo>
<adequatelyNormalized>NO</adequatelyNormalized>
<expectedVolumes>0</expectedVolumes>
<fwdEngineeringStrategyName>Single Table</fwdEngineeringStrategyName>
<growthPercent>0</growthPercent>
<growthType>Year</growthType>
<maxVolumes>9999999</maxVolumes>
<minVolumes>0</minVolumes>
<normalForm>Third</normalForm>
<attributes itemClass="oracle.dbtools.crest.model.design.logical.Attribute">
<Attribute name="truck_vin" id="69A3A4E3-B55A-CF58-5C76-7B28BC3C4B6B">
<createdBy>student</createdBy>
<createdTime>2023-05-02 02:13:25 UTC</createdTime>
<commentInRDBMS><![CDATA[Truck's vin]]></commentInRDBMS>
<ownerDesignName>assignment 1B logic model</ownerDesignName>
<engineerTo>
<item key="687EA157-6ECD-4327-B1E8-8A432453C3A0" value="true"/>
</engineerTo>
<useDomainConstraints>false</useDomainConstraints>
<use>1</use>
<logicalDatatype>LOGDT024</logicalDatatype>
<dataTypeSize>10</dataTypeSize>
<ownDataTypeParameters>10,,</ownDataTypeParameters>
</Attribute>
<Attribute name="truck_rego" id="44EBAFEE-0AC6-C636-E918-4402C07644E6">
<createdBy>student</createdBy>
<createdTime>2023-05-02 01:51:04 UTC</createdTime>
<commentInRDBMS><![CDATA[truck rego]]></commentInRDBMS>
<ownerDesignName>assignment 1B logic model</ownerDesignName>
<engineerTo>
<item key="687EA157-6ECD-4327-B1E8-8A432453C3A0" value="true"/>
</engineerTo>
<useDomainConstraints>false</useDomainConstraints>
<use>1</use>
<logicalDatatype>LOGDT024</logicalDatatype>
<dataTypeSize>10</dataTypeSize>
<ownDataTypeParameters>10,,</ownDataTypeParameters>
</Attribute>
<Attribute name="truck_make" id="D36B0218-63C0-E7F2-8DB7-DDD7C45332CD">
<createdBy>student</createdBy>
<createdTime>2023-05-02 01:51:10 UTC</createdTime>
<commentInRDBMS><![CDATA[The brand of truck]]></commentInRDBMS>
<ownerDesignName>assignment 1B logic model</ownerDesignName>
<engineerTo>
<item key="687EA157-6ECD-4327-B1E8-8A432453C3A0" value="true"/>
</engineerTo>
<nullsAllowed>true</nullsAllowed>
<useDomainConstraints>false</useDomainConstraints>
<use>1</use>
<logicalDatatype>LOGDT024</logicalDatatype>
<dataTypeSize>50</dataTypeSize>
<ownDataTypeParameters>50,,</ownDataTypeParameters>
</Attribute>
<Attribute name="truck_model" id="EAE6BE00-9696-6E30-C233-38DDE4AB4DCD">
<createdBy>student</createdBy>
<createdTime>2023-05-02 01:57:19 UTC</createdTime>
<commentInRDBMS><![CDATA[the model of truck]]></commentInRDBMS>
<ownerDesignName>assignment 1B logic model</ownerDesignName>
<engineerTo>
<item key="687EA157-6ECD-4327-B1E8-8A432453C3A0" value="true"/>
</engineerTo>
<useDomainConstraints>false</useDomainConstraints>
<use>1</use>
<logicalDatatype>LOGDT024</logicalDatatype>
<dataTypeSize>50</dataTypeSize>
<ownDataTypeParameters>50,,</ownDataTypeParameters>
</Attribute>
<Attribute name="truck_year" id="DCB5C6ED-9D17-ADA8-0760-6899615EB57C">
<createdBy>student</createdBy>
<createdTime>2023-05-02 01:57:26 UTC</createdTime>
<commentInRDBMS><![CDATA[The year of truck]]></commentInRDBMS>
<ownerDesignName>assignment 1B logic model</ownerDesignName>
<engineerTo>
<item key="687EA157-6ECD-4327-B1E8-8A432453C3A0" value="true"/>
</engineerTo>
<useDomainConstraints>false</useDomainConstraints>
<use>1</use>
<logicalDatatype>LOGDT007</logicalDatatype>
<ownDataTypeParameters>,,</ownDataTypeParameters>
</Attribute>
</attributes>
<identifiers itemClass="oracle.dbtools.crest.model.design.logical.CandidateKey">
<identifier id="C29E9765-2BDF-7D46-1D7D-0EEB061CC0CE" name="TRUCK PK">
<createdBy>student</createdBy>
<createdTime>2023-05-02 01:51:25 UTC</createdTime>
<ownerDesignName>assignment 1B logic model</ownerDesignName>
<engineerTo>
<item key="687EA157-6ECD-4327-B1E8-8A432453C3A0" value="true"/>
</engineerTo>
<pk>true</pk>
<usedAttributes>
<attributeRef>69A3A4E3-B55A-CF58-5C76-7B28BC3C4B6B</attributeRef>
</usedAttributes>
</identifier>
</identifiers>
</Entity>
